date,close,news_score
2020-01-03,74.3575,0.0
2020-01-06,74.95,0.0
2020-01-07,74.5975,0.0
2020-01-08,75.7975,0.0
2020-01-09,77.4075,0.0
2020-01-10,77.5825,0.0
2020-01-13,79.24,0.0
2020-01-14,78.17,0.0
2020-01-15,77.835,0.0
2020-01-16,78.81,0.0
2020-01-17,79.6825,0.0
2020-01-21,79.1425,0.0
2020-01-22,79.425,0.0
2020-01-23,79.8075,0.0
2020-01-24,79.5775,0.0
2020-01-27,77.2375,0.0
2020-01-28,79.4225,0.0
2020-01-29,81.085,0.0
2020-01-30,80.9675,0.0
2020-01-31,77.3775,0.0
2020-02-03,77.165,0.0
2020-02-04,79.7125,0.0
2020-02-05,80.3625,0.0
2020-02-06,81.3025,0.0
2020-02-07,80.0075,0.0
2020-02-10,80.3875,0.0
2020-02-11,79.9025,0.0
2020-02-12,81.8,0.0
2020-02-13,81.2175,0.0
2020-02-14,81.2375,0.0
2020-02-18,79.75,0.0
2020-02-19,80.905,0.0
2020-02-20,80.075,0.0
2020-02-21,78.2625,0.0
2020-02-24,74.545,0.0
2020-02-25,72.02,0.0
2020-02-26,73.1625,0.0
2020-02-27,68.38,0.0
2020-02-28,68.34,0.0
2020-03-02,74.7025,0.0
2020-03-03,72.33,0.0
2020-03-04,75.685,0.0
2020-03-05,73.23,0.0
2020-03-06,72.2575,0.0
2020-03-09,66.5425,0.0
2020-03-10,71.335,0.0
2020-03-11,68.8575,0.0
2020-03-12,62.0575,0.0
2020-03-13,69.4925,0.0
2020-03-16,60.5525,0.0
2020-03-17,63.215,0.0
2020-03-18,61.6675,0.0
2020-03-19,61.195,0.0
2020-03-20,57.31,0.0
2020-03-23,56.0925,0.0
2020-03-24,61.72,0.0
2020-03-25,61.38,0.0
2020-03-26,64.61,0.0
2020-03-27,61.935,-0.5
2020-03-30,63.7025,-0.5
2020-03-31,63.5725,0.0
2020-04-01,60.2275,0.0
2020-04-02,61.2325,0.0
2020-04-03,60.3525,0.0
2020-04-06,65.6175,0.0
2020-04-07,64.8575,0.5
2020-04-08,66.5175,0.0
2020-04-09,66.9975,0.0
2020-04-13,68.3125,0.0
2020-04-14,71.7625,0.0
2020-04-15,71.1075,0.0
2020-04-16,71.6725,0.0
2020-04-17,70.7,0.0
2020-04-20,69.2325,0.0
2020-04-21,67.0925,0.0
2020-04-22,69.025,0.0
2020-04-23,68.7575,0.0
2020-04-24,70.7425,0.0
2020-04-27,70.7925,-0.6
2020-04-28,69.645,0.0
2020-04-29,71.9325,0.0
2020-04-30,73.45,-1.0
2020-05-01,72.2675,0.0
2020-05-04,73.29,0.0
2020-05-05,74.39,0.5
2020-05-06,75.1575,0.0
2020-05-07,75.935,0.5
2020-05-08,77.5325,0.0
2020-05-11,78.7525,0.0
2020-05-12,77.8525,1.0
2020-05-13,76.9125,0.5
2020-05-14,77.385,0.0
2020-05-15,76.9275,0.0
2020-05-18,78.74,0.0
2020-05-19,78.285,1.0
2020-05-20,79.8075,0.0
2020-05-21,79.2125,0.0
2020-05-22,79.7225,0.0
2020-05-26,79.1825,0.0
2020-05-27,79.5275,0.0
2020-05-28,79.5625,-1.0
2020-05-29,79.485,0.0
2020-06-01,80.4625,0.0
2020-06-02,80.835,0.0
2020-06-03,81.28,0.0
2020-06-04,80.58,0.0
2020-06-05,82.875,0.0
2020-06-08,83.365,0.0
2020-06-09,85.9975,0.0
2020-06-10,88.21,0.0
2020-06-11,83.975,0.0
2020-06-12,84.7,0.0
2020-06-15,85.7475,1.0
2020-06-16,88.02,0.0
2020-06-17,87.8975,0.0
2020-06-18,87.9325,0.0
2020-06-19,87.43,1.0
2020-06-22,89.7175,0.0
2020-06-23,91.6325,0.0
2020-06-24,90.015,0.0
2020-06-25,91.21,0.0
2020-06-26,88.4075,0.0
2020-06-29,90.445,0.0
2020-06-30,91.2,0.0
2020-07-01,91.0275,0.0
2020-07-02,91.0275,0.0
2020-07-06,93.4625,0.0
2020-07-07,93.1725,-0.3333333333333333
2020-07-08,95.3425,0.0
2020-07-09,95.6825,0.0
2020-07-10,95.92,0.0
2020-07-13,95.4775,0.0
2020-07-14,97.0575,0.0
2020-07-15,97.725,0.0
2020-07-16,96.5225,1.0
2020-07-17,96.3275,1.0
2020-07-20,98.3575,0.0
2020-07-21,97.0,0.0
2020-07-22,97.2725,0.0
2020-07-23,92.845,0.0
2020-07-24,92.615,0.0
2020-07-27,94.81,0.0
2020-07-28,93.2525,0.0
2020-07-29,95.04,0.0
2020-07-30,96.19,0.0
2020-07-31,106.26,0.0
2020-08-03,108.9375,0.5
2020-08-04,109.665,0.0
2020-08-05,110.0625,1.0
2020-08-06,113.9025,1.0
2020-08-07,111.1125,1.0
2020-08-10,112.7275,1.0
2020-08-11,109.375,0.0
2020-08-12,113.01,0.0
2020-08-13,115.01,0.0
2020-08-14,114.9075,0.0
2020-08-17,114.6075,0.0
2020-08-18,115.5625,0.0
2020-08-19,115.7075,-1.0
2020-08-20,118.275,0.0
2020-08-21,124.37,0.0
2020-08-24,125.8575,-0.4
2020-08-25,124.825,0.0
2020-08-26,126.5225,0.0
2020-08-27,125.01,0.0
2020-08-28,124.8075,0.3333333333333333
2020-08-31,129.04,-1.0
2020-09-01,134.18,0.0
2020-09-02,131.4,0.0
2020-09-03,120.88,0.75
2020-09-04,120.96,0.0
2020-09-08,112.82,1.0
2020-09-09,117.32,1.0
2020-09-10,113.49,0.0
2020-09-11,112.0,0.0
2020-09-14,115.355,0.5
2020-09-15,115.54,-1.0
2020-09-16,112.13,1.0
2020-09-17,110.34,0.0
2020-09-18,106.84,0.0
2020-09-21,110.08,0.0
2020-09-22,111.81,0.0
2020-09-23,107.12,0.0
2020-09-24,108.22,0.2
2020-09-25,112.28,0.0
2020-09-28,114.96,0.0
2020-09-29,114.09,-0.3333333333333333
2020-09-30,115.81,0.0
2020-10-01,116.79,1.0
2020-10-02,113.02,0.0
2020-10-05,116.5,0.0
2020-10-06,113.16,1.0
2020-10-07,115.08,1.0
2020-10-08,114.97,0.6666666666666666
2020-10-09,116.97,1.0
2020-10-12,124.4,1.0
2020-10-13,121.1,0.0
2020-10-14,121.19,0.0
2020-10-15,120.71,0.0
2020-10-16,119.02,0.4
2020-10-19,115.98,0.0
2020-10-20,117.51,0.0
2020-10-21,116.87,0.0
2020-10-22,115.75,0.0
2020-10-23,115.04,-0.5
2020-10-26,115.05,0.0
2020-10-27,116.6,0.0
2020-10-28,111.2,1.0
2020-10-29,115.32,0.0
2020-10-30,108.86,0.0
2020-11-02,108.77,0.0
2020-11-03,110.44,0.0
2020-11-04,114.95,0.0
2020-11-05,119.03,0.0
2020-11-06,118.69,0.0
2020-11-09,116.32,-0.3333333333333333
2020-11-10,115.97,-1.0
2020-11-11,119.49,0.6666666666666666
2020-11-12,119.21,0.0
2020-11-13,119.26,0.0
2020-11-16,120.3,0.0
2020-11-17,119.39,0.0
2020-11-18,118.03,0.0
2020-11-19,118.64,0.0
2020-11-20,117.34,0.0
2020-11-23,113.85,0.0
2020-11-24,115.17,0.0
2020-11-25,116.03,0.5
2020-11-27,116.59,0.0
2020-11-30,119.05,0.0
2020-12-01,122.72,0.0
2020-12-02,123.08,0.0
2020-12-03,122.94,0.0
2020-12-04,122.25,-1.0
2020-12-07,123.75,-0.3333333333333333
2020-12-08,124.38,0.0
2020-12-09,121.78,0.0
2020-12-10,123.24,0.0
2020-12-11,122.41,0.0
2020-12-14,121.78,-0.1666666666666667
2020-12-15,127.88,-0.4
2020-12-16,127.81,0.8333333333333334
2020-12-17,128.7,-0.5
2020-12-18,126.655,0.0
2020-12-21,128.23,-1.0
2020-12-22,131.88,0.0
2020-12-23,130.96,0.3333333333333333
2020-12-24,131.97,0.0
2020-12-28,136.69,0.6666666666666666
2020-12-29,134.87,0.0
2020-12-30,133.72,0.25
2020-12-31,132.69,0.0
2021-01-04,129.41,0.0
2021-01-05,131.01,0.5
2021-01-06,126.6,0.0
2021-01-07,130.92,0.6666666666666666
2021-01-08,132.05,0.25
2021-01-11,128.98,0.0
2021-01-12,128.8,0.0
2021-01-13,130.89,0.2
2021-01-14,128.91,0.0
2021-01-15,127.14,-0.2666666666666667
2021-01-19,127.83,-0.4
2021-01-20,132.03,0.0
2021-01-21,136.87,0.2
2021-01-22,139.07,0.125
2021-01-25,142.92,-0.5
2021-01-26,143.16,-0.1428571428571428
2021-01-27,142.06,0.0
2021-01-28,137.09,-0.25
2021-01-29,131.96,0.4
2021-02-01,134.14,1.0
2021-02-02,134.99,0.5
2021-02-03,133.94,0.5
2021-02-04,137.39,0.4
2021-02-05,136.76,-0.125
2021-02-08,136.91,0.0
2021-02-09,136.01,0.1666666666666667
2021-02-10,135.39,0.3333333333333333
2021-02-11,135.13,0.2222222222222222
2021-02-12,135.37,0.0
2021-02-16,133.19,0.5
2021-02-17,130.84,-0.4
2021-02-18,129.71,0.0
2021-02-19,129.87,0.2307692307692308
2021-02-22,126.0,0.3
2021-02-23,125.86,0.125
2021-02-24,125.35,-0.4
2021-02-25,120.99,-0.1
2021-02-26,121.26,0.0
2021-03-01,127.79,0.625
2021-03-02,125.12,0.2142857142857143
2021-03-03,122.06,-0.4
2021-03-04,120.13,-0.0769230769230769
2021-03-05,121.42,0.0555555555555555
2021-03-08,116.36,0.5
2021-03-09,121.085,0.1875
2021-03-10,119.98,0.1428571428571428
2021-03-11,121.96,0.1333333333333333
2021-03-12,121.03,0.2727272727272727
2021-03-15,123.99,-0.0666666666666666
2021-03-16,125.57,0.09375
2021-03-17,124.76,-0.1111111111111111
2021-03-18,120.53,0.0454545454545454
2021-03-19,119.99,0.0769230769230769
2021-03-22,123.39,0.2352941176470588
2021-03-23,122.54,0.3333333333333333
2021-03-24,120.09,0.0
2021-03-25,120.59,0.1052631578947368
2021-03-26,121.21,0.3666666666666666
2021-03-29,121.39,-0.1818181818181818
2021-03-30,119.9,-0.2
2021-03-31,122.15,0.28
2021-04-01,123.0,0.0357142857142857
2021-04-05,125.9,0.3333333333333333
2021-04-06,126.21,0.2857142857142857
2021-04-07,127.9,0.0
2021-04-08,130.36,-0.1428571428571428
2021-04-09,132.995,0.2413793103448276
2021-04-12,131.24,-0.103448275862069
2021-04-13,134.43,0.08
2021-04-14,132.03,0.125
2021-04-15,134.5,0.45
2021-04-16,134.16,0.1428571428571428
2021-04-19,134.84,0.0
2021-04-20,133.11,0.1967213114754098
2021-04-21,133.5,-0.125
2021-04-22,131.94,0.0
2021-04-23,134.32,0.3181818181818182
2021-04-26,134.72,0.0392156862745098
2021-04-27,134.39,0.06
2021-04-28,133.58,0.1294117647058824
2021-04-29,133.48,0.25
2021-04-30,131.46,-0.1967213114754098
2021-05-03,132.54,-0.02
2021-05-04,127.85,0.0909090909090909
2021-05-05,128.1,0.4285714285714285
2021-05-06,129.74,0.0714285714285714
2021-05-07,130.21,0.2592592592592592
2021-05-10,126.85,0.2777777777777778
2021-05-11,125.91,-0.032258064516129
2021-05-12,122.77,-0.0344827586206896
2021-05-13,124.97,0.0666666666666666
2021-05-14,127.45,0.1428571428571428
2021-05-17,126.27,0.2045454545454546
2021-05-18,124.85,0.1212121212121212
2021-05-19,124.69,0.125
2021-05-20,127.31,0.1851851851851852
2021-05-21,125.43,0.0465116279069767
2021-05-24,127.1,0.1612903225806452
2021-05-25,126.9,0.037037037037037
2021-05-26,126.85,0.2592592592592592
2021-05-27,125.28,0.2352941176470588
2021-05-28,124.61,-0.25
2021-06-01,124.28,0.0
2021-06-02,125.06,0.2368421052631579
2021-06-03,123.54,0.2666666666666667
2021-06-04,125.89,0.1891891891891892
2021-06-07,125.9,0.2173913043478261
2021-06-08,126.74,0.1578947368421053
2021-06-09,127.13,0.2592592592592592
2021-06-10,126.11,0.08
2021-06-11,127.35,0.0303030303030303
2021-06-14,130.48,0.2424242424242424
2021-06-15,129.64,0.081081081081081
2021-06-16,130.15,-0.0833333333333333
2021-06-17,131.79,0.05
2021-06-18,130.46,0.3103448275862069
2021-06-21,132.3,0.073170731707317
2021-06-22,133.98,0.1794871794871795
2021-06-23,133.7,0.1818181818181818
2021-06-24,133.41,0.2272727272727273
2021-06-25,133.11,-0.1764705882352941
2021-06-28,134.78,0.28
2021-06-29,136.33,0.4444444444444444
2021-06-30,136.96,0.3142857142857143
2021-07-01,137.27,0.3548387096774194
2021-07-02,139.96,0.35
2021-07-06,142.02,0.125
2021-07-07,144.57,0.25
2021-07-08,143.24,0.1
2021-07-09,145.11,0.2
2021-07-12,144.5,0.0
2021-07-13,145.64,-0.1428571428571428
2021-07-14,149.15,0.4655172413793103
2021-07-15,148.48,0.4
2021-07-16,146.39,0.0689655172413793
2021-07-19,142.45,-0.0714285714285714
2021-07-20,146.15,0.2571428571428571
2021-07-21,145.4,0.1363636363636364
2021-07-22,146.8,0.4827586206896552
2021-07-23,148.56,0.28
2021-07-26,148.99,0.2368421052631579
2021-07-27,146.77,0.125
2021-07-28,144.98,0.0823529411764705
2021-07-29,145.64,0.1666666666666667
2021-07-30,145.86,0.0
2021-08-02,145.52,0.2631578947368421
2021-08-03,147.36,0.4090909090909091
2021-08-04,146.95,0.2142857142857143
2021-08-05,147.06,-0.0769230769230769
2021-08-06,146.14,0.0588235294117647
2021-08-09,146.09,0.0
2021-08-10,145.6,0.1428571428571428
2021-08-11,145.86,0.2272727272727273
2021-08-12,148.89,0.3809523809523809
2021-08-13,149.1,0.24
2021-08-16,151.12,0.25
2021-08-17,150.19,0.0
2021-08-18,146.36,0.1176470588235294
2021-08-19,146.7,-0.0769230769230769
2021-08-20,148.19,0.3846153846153846
2021-08-23,149.71,0.2
2021-08-24,149.62,0.2
2021-08-25,148.36,0.1153846153846154
2021-08-26,147.54,0.4615384615384616
2021-08-27,148.6,0.1290322580645161
2021-08-30,153.12,0.1714285714285714
2021-08-31,151.83,-0.1891891891891892
2021-09-01,152.51,0.1290322580645161
2021-09-02,153.65,0.0238095238095238
2021-09-03,154.3,-0.1764705882352941
2021-09-07,156.69,0.2368421052631579
2021-09-08,155.11,-0.1290322580645161
2021-09-09,154.07,0.1739130434782609
2021-09-10,148.97,-0.1014492753623188
2021-09-13,149.55,0.14
2021-09-14,148.12,0.0560747663551401
2021-09-15,149.03,-0.0434782608695652
2021-09-16,148.79,-0.0769230769230769
2021-09-17,146.06,-0.0689655172413793
2021-09-20,142.94,0.0555555555555555
2021-09-21,143.43,0.1111111111111111
2021-09-22,145.85,-0.09375
2021-09-23,146.83,0.05
2021-09-24,146.92,0.2
2021-09-27,145.37,-0.25
2021-09-28,141.91,0.08
2021-09-29,142.83,0.0
2021-09-30,141.5,0.0714285714285714
2021-10-01,142.65,0.1052631578947368
2021-10-04,139.14,-0.1785714285714286
2021-10-05,141.11,0.2424242424242424
2021-10-06,142.0,0.1764705882352941
2021-10-07,143.29,0.0526315789473684
2021-10-08,142.9,0.0
2021-10-11,142.81,0.125
2021-10-12,141.51,-0.1515151515151515
2021-10-13,140.91,-0.2307692307692308
2021-10-14,143.76,0.1290322580645161
2021-10-15,144.84,0.0714285714285714
2021-10-18,146.55,0.1818181818181818
2021-10-19,148.76,0.3414634146341464
2021-10-20,149.26,0.25
2021-10-21,149.48,-0.2941176470588235
2021-10-22,148.69,-0.3125
2021-10-25,148.64,-0.027027027027027
2021-10-26,149.32,0.048780487804878
2021-10-27,148.85,-0.0833333333333333
2021-10-28,152.57,0.1097560975609756
2021-10-29,149.8,-0.1512605042016807
2021-11-01,148.96,0.1428571428571428
2021-11-02,150.02,0.0967741935483871
2021-11-03,151.49,0.1428571428571428
2021-11-04,150.96,0.0344827586206896
2021-11-05,151.28,0.2777777777777778
2021-11-08,150.44,0.5
2021-11-09,150.81,0.1052631578947368
2021-11-10,147.92,-0.1111111111111111
2021-11-11,147.87,0.4705882352941176
2021-11-12,149.99,-0.037037037037037
2021-11-15,150.0,0.2307692307692308
2021-11-16,151.0,0.2068965517241379
2021-11-17,153.49,0.2
2021-11-18,157.87,0.40625
2021-11-19,160.55,0.3636363636363636
2021-11-22,161.02,0.2173913043478261
2021-11-23,161.41,-0.08
2021-11-24,161.94,0.05
2021-11-26,156.81,0.0476190476190476
2021-11-29,160.24,0.1111111111111111
2021-11-30,165.3,0.08
2021-12-01,164.77,0.0
2021-12-02,163.76,-0.1333333333333333
2021-12-03,161.84,-0.25
2021-12-06,165.32,0.1470588235294118
2021-12-07,171.18,0.3469387755102041
2021-12-08,175.08,0.024390243902439
2021-12-09,174.56,0.0303030303030303
2021-12-10,179.45,0.1428571428571428
2021-12-13,175.74,0.25
2021-12-14,174.33,0.0555555555555555
2021-12-15,179.3,0.0909090909090909
2021-12-16,172.26,-0.3125
2021-12-17,171.14,-0.25
2021-12-20,169.75,-0.3157894736842105
2021-12-21,172.99,0.3571428571428572
2021-12-22,175.64,0.2142857142857143
2021-12-23,176.28,0.2666666666666667
2021-12-27,180.33,0.0434782608695652
2021-12-28,179.29,0.1428571428571428
2021-12-29,179.38,-0.03125
2021-12-30,178.2,0.0714285714285714
2021-12-31,177.57,0.3076923076923077
2022-01-03,182.01,0.3611111111111111
2022-01-04,179.7,0.1578947368421053
2022-01-05,174.92,0.2
2022-01-06,172.0,0.2307692307692308
2022-01-07,172.17,0.0588235294117647
2022-01-10,172.19,0.0909090909090909
2022-01-11,175.08,0.3478260869565217
2022-01-12,175.53,0.0
2022-01-13,172.19,0.1219512195121951
2022-01-14,173.07,0.12
2022-01-18,169.8,0.0
2022-01-19,166.23,0.0625
2022-01-20,164.51,0.1282051282051282
2022-01-21,162.41,0.1666666666666667
2022-01-24,161.62,-0.1
2022-01-25,159.78,0.0277777777777777
2022-01-26,159.69,0.1944444444444444
2022-01-27,159.22,0.1111111111111111
2022-01-28,170.33,0.0963855421686747
2022-01-31,174.78,0.2093023255813954
2022-02-01,174.61,0.3157894736842105
2022-02-02,175.84,0.05
2022-02-03,172.9,-0.0634920634920634
2022-02-04,172.39,0.2558139534883721
2022-02-07,171.66,0.3
2022-02-08,174.83,0.2045454545454546
2022-02-09,176.28,0.2553191489361702
2022-02-10,172.12,0.0303030303030303
2022-02-11,168.64,0.2692307692307692
2022-02-14,168.88,0.1111111111111111
2022-02-15,172.79,0.2380952380952381
2022-02-16,172.55,0.2222222222222222
2022-02-17,168.88,0.1621621621621622
2022-02-18,167.3,0.0
2022-02-22,164.32,-0.0869565217391304
2022-02-23,160.07,0.1481481481481481
2022-02-24,162.74,0.074074074074074
2022-02-25,164.85,0.3125
2022-02-28,165.12,-0.1724137931034483
2022-03-01,163.2,0.0666666666666666
2022-03-02,166.56,-0.0217391304347826
2022-03-03,166.23,0.125
2022-03-04,163.17,-0.0833333333333333
2022-03-07,159.3,-0.2380952380952381
2022-03-08,157.44,0.2686567164179104
2022-03-09,162.95,0.3076923076923077
2022-03-10,158.52,0.1025641025641026
2022-03-11,154.73,-0.103448275862069
2022-03-14,150.62,-0.2195121951219512
2022-03-15,155.09,0.2333333333333333
2022-03-16,159.59,-0.0833333333333333
2022-03-17,160.62,0.1714285714285714
2022-03-18,163.98,0.3333333333333333
2022-03-21,165.38,-0.25
2022-03-22,168.82,0.04
2022-03-23,170.21,0.2068965517241379
2022-03-24,174.07,0.1714285714285714
2022-03-25,174.72,0.1666666666666667
2022-03-28,175.6,0.2982456140350877
2022-03-29,178.96,0.21875
2022-03-30,177.77,0.2549019607843137
2022-03-31,174.61,0.1538461538461539
2022-04-01,174.31,-0.054054054054054
2022-04-04,178.44,0.3666666666666666
2022-04-05,175.06,0.0869565217391304
2022-04-06,171.83,-0.1851851851851852
2022-04-07,172.14,0.391304347826087
2022-04-08,170.09,0.1153846153846154
2022-04-11,165.75,0.0
2022-04-12,167.66,-0.0967741935483871
2022-04-13,170.4,0.0606060606060606
2022-04-14,165.29,0.064516129032258
2022-04-18,165.07,0.3333333333333333
2022-04-19,167.4,0.1379310344827586
2022-04-20,167.23,-0.2
2022-04-21,166.42,0.032258064516129
2022-04-22,161.79,-0.0277777777777777
2022-04-25,162.88,0.0
2022-04-26,156.8,0.0425531914893617
2022-04-27,156.57,0.027027027027027
2022-04-28,163.64,0.2333333333333333
2022-04-29,157.65,-0.2987012987012987
2022-05-02,157.96,-0.2272727272727273
2022-05-03,159.48,0.0
2022-05-04,166.02,0.1481481481481481
2022-05-05,156.77,-0.1
2022-05-06,157.28,-0.2083333333333333
2022-05-09,152.06,-0.1666666666666667
2022-05-10,154.51,-0.08
2022-05-11,146.5,-0.0833333333333333
2022-05-12,142.56,-0.1666666666666667
2022-05-13,147.11,-0.0769230769230769
2022-05-16,145.54,-0.0526315789473684
2022-05-17,149.24,0.2307692307692308
2022-05-18,140.82,-0.0689655172413793
2022-05-19,137.35,-0.0303030303030303
2022-05-20,137.59,0.125
2022-05-23,143.11,0.1515151515151515
2022-05-24,140.36,-0.1666666666666667
2022-05-25,140.52,-0.103448275862069
2022-05-26,143.78,0.1590909090909091
2022-05-27,149.64,-0.2083333333333333
2022-05-31,148.84,0.25
2022-06-01,148.71,-0.0526315789473684
2022-06-02,151.21,0.2727272727272727
2022-06-03,145.38,0.032258064516129
2022-06-06,146.14,0.4193548387096774
2022-06-07,148.71,0.0
2022-06-08,147.96,0.1818181818181818
2022-06-09,142.64,0.05
2022-06-10,137.13,-0.0416666666666666
2022-06-13,131.88,-0.1935483870967742
2022-06-14,132.76,0.0238095238095238
2022-06-15,135.43,0.075
2022-06-16,130.06,-0.2941176470588235
2022-06-17,131.56,0.2307692307692308
2022-06-21,135.87,0.1785714285714286
2022-06-22,135.35,0.0526315789473684
2022-06-23,138.27,0.0714285714285714
2022-06-24,141.66,0.0
2022-06-27,141.66,0.1
2022-06-28,137.44,0.1351351351351351
2022-06-29,139.23,0.1282051282051282
2022-06-30,136.72,-0.3181818181818182
2022-07-01,138.93,0.1142857142857143
2022-07-05,141.56,-0.25
2022-07-06,142.92,0.1724137931034483
2022-07-07,146.35,0.4482758620689655
2022-07-08,147.04,0.1
2022-07-11,144.87,-0.1515151515151515
2022-07-12,145.86,0.1111111111111111
2022-07-13,145.49,-0.24
2022-07-14,148.47,0.28
2022-07-15,150.17,0.2222222222222222
2022-07-18,147.07,-0.2
2022-07-19,151.0,0.0566037735849056
2022-07-20,153.04,0.1
2022-07-21,155.35,0.0
2022-07-22,154.09,0.0294117647058823
2022-07-25,152.95,-0.1551724137931035
2022-07-26,151.6,-0.1
2022-07-27,156.79,-0.1212121212121212
2022-07-28,157.35,0.2142857142857143
2022-07-29,162.51,0.4
2022-08-01,161.51,0.1176470588235294
2022-08-02,160.01,0.0526315789473684
2022-08-03,166.13,0.3846153846153846
2022-08-04,165.81,-0.1875
2022-08-05,165.35,0.2272727272727273
2022-08-08,164.87,0.05
2022-08-09,164.92,0.0263157894736842
2022-08-10,169.24,0.3076923076923077
2022-08-11,168.49,0.2272727272727273
2022-08-12,172.1,0.2727272727272727
2022-08-15,173.19,0.0512820512820512
2022-08-16,173.03,-0.119047619047619
2022-08-17,174.55,-0.1071428571428571
2022-08-18,174.15,-0.0769230769230769
2022-08-19,171.52,-0.08
2022-08-22,167.57,-0.0416666666666666
2022-08-23,167.23,0.0
2022-08-24,167.53,0.175
2022-08-25,170.03,0.2857142857142857
2022-08-26,163.62,-0.0384615384615384
2022-08-29,161.38,-0.1176470588235294
2022-08-30,158.91,-0.0588235294117647
2022-08-31,157.22,0.1111111111111111
2022-09-01,157.96,0.037037037037037
2022-09-02,155.81,-0.0606060606060606
2022-09-06,154.53,-0.15625
2022-09-07,155.96,0.1911764705882353
2022-09-08,154.46,0.1186440677966102
2022-09-09,157.37,0.3333333333333333
2022-09-12,163.43,0.4375
2022-09-13,153.84,0.1666666666666667
2022-09-14,155.31,0.032258064516129
2022-09-15,152.37,0.0588235294117647
2022-09-16,150.7,-0.1666666666666667
2022-09-19,154.48,0.4705882352941176
2022-09-20,156.9,0.0857142857142857
2022-09-21,153.72,0.2222222222222222
2022-09-22,152.74,0.0333333333333333
2022-09-23,150.43,-0.1470588235294118
2022-09-26,150.77,-0.0476190476190476
2022-09-27,151.76,0.1875
2022-09-28,149.84,-0.0588235294117647
2022-09-29,142.48,-0.1351351351351351
2022-09-30,138.2,-0.15
2022-10-03,142.45,0.1428571428571428
2022-10-04,146.1,0.1081081081081081
2022-10-05,146.4,0.28
2022-10-06,145.43,-0.0666666666666666
2022-10-07,140.09,-0.0454545454545454
2022-10-10,140.42,0.0
2022-10-11,138.98,-0.0833333333333333
2022-10-12,138.34,0.1071428571428571
2022-10-13,142.99,0.2413793103448276
2022-10-14,138.38,0.3333333333333333
2022-10-17,142.41,0.2
2022-10-18,143.75,0.1176470588235294
2022-10-19,143.86,0.0
2022-10-20,143.39,0.0
2022-10-21,147.27,0.1025641025641026
2022-10-24,149.45,0.03125
2022-10-25,152.34,0.0
2022-10-26,149.35,-0.2142857142857143
2022-10-27,144.8,0.048780487804878
2022-10-28,155.74,0.1666666666666667
2022-10-31,153.34,0.0
2022-11-01,150.65,0.1304347826086956
2022-11-02,145.03,-0.1111111111111111
2022-11-03,138.88,-0.0434782608695652
2022-11-04,138.38,0.0416666666666666
2022-11-07,138.92,-0.2741935483870968
2022-11-08,139.5,0.08
2022-11-09,134.87,-0.2857142857142857
2022-11-10,146.87,0.2051282051282051
2022-11-11,149.7,0.35
2022-11-14,148.28,-0.0769230769230769
2022-11-15,150.04,0.0384615384615384
2022-11-16,148.79,-0.0454545454545454
2022-11-17,150.72,0.0
2022-11-18,151.29,-0.1153846153846154
2022-11-21,148.01,0.0
2022-11-22,150.18,0.0
2022-11-23,151.07,-0.1935483870967742
2022-11-25,148.11,-0.1212121212121212
2022-11-28,144.22,-0.4230769230769231
2022-11-29,141.17,-0.25
2022-11-30,148.03,-0.1320754716981132
2022-12-01,148.31,-0.1052631578947368
2022-12-02,147.81,-0.1153846153846154
2022-12-05,146.63,0.0285714285714285
2022-12-06,142.91,0.0232558139534883
2022-12-07,140.94,-0.2093023255813954
2022-12-08,142.65,0.1363636363636364
2022-12-09,142.16,-0.08
2022-12-12,144.49,0.0
2022-12-13,145.47,0.2222222222222222
2022-12-14,143.21,0.0625
2022-12-15,136.5,-0.0952380952380952
2022-12-16,134.51,0.1818181818181818
2022-12-19,132.37,0.0869565217391304
2022-12-20,132.3,0.1
2022-12-21,135.45,0.2083333333333333
2022-12-22,132.23,0.1904761904761905
2022-12-23,131.86,0.3076923076923077
2022-12-27,130.03,-0.3333333333333333
2022-12-28,126.04,-0.037037037037037
2022-12-29,129.61,0.2758620689655172
2022-12-30,129.93,-0.0454545454545454
2023-01-03,125.07,-0.15
2023-01-04,126.36,0.0952380952380952
2023-01-05,125.02,0.0
2023-01-06,129.62,0.0
2023-01-09,130.15,-0.0303030303030303
2023-01-10,130.73,0.1764705882352941
2023-01-11,133.49,-0.2285714285714286
2023-01-12,133.41,0.1538461538461539
2023-01-13,134.76,-0.0416666666666666
2023-01-17,135.94,0.1538461538461539
2023-01-18,135.21,0.1081081081081081
2023-01-19,135.27,0.1818181818181818
2023-01-20,137.87,0.0
2023-01-23,141.11,0.2857142857142857
2023-01-24,142.53,0.0909090909090909
2023-01-25,141.86,-0.0666666666666666
2023-01-26,143.96,-0.125
2023-01-27,145.93,0.08
2023-01-30,143.0,-0.0377358490566037
2023-01-31,144.29,-0.0303030303030303
2023-02-01,145.43,0.1142857142857143
2023-02-02,150.82,-0.288135593220339
2023-02-03,154.5,-0.0821917808219178
2023-02-06,151.73,-0.2
2023-02-07,154.65,0.2222222222222222
2023-02-08,151.92,0.1666666666666667
2023-02-09,150.87,0.0
2023-02-10,151.01,0.2380952380952381
2023-02-13,153.85,0.5714285714285714
2023-02-14,153.2,0.0434782608695652
2023-02-15,155.33,0.1538461538461539
2023-02-16,153.71,0.2222222222222222
2023-02-17,152.55,-0.0625
2023-02-21,148.48,-0.2307692307692308
2023-02-22,148.91,0.1875
2023-02-23,149.4,0.2777777777777778
2023-02-24,146.71,-0.1052631578947368
2023-02-27,147.92,0.0952380952380952
2023-02-28,147.41,-0.2173913043478261
2023-03-01,145.31,0.1904761904761905
2023-03-02,145.91,-0.1304347826086956
2023-03-03,151.03,0.1764705882352941
2023-03-06,153.83,0.5116279069767442
2023-03-07,151.6,0.1875
2023-03-08,152.87,0.0
2023-03-09,150.59,0.1818181818181818
2023-03-10,148.5,-0.1
2023-03-13,150.47,0.2727272727272727
2023-03-14,152.59,0.0666666666666666
2023-03-15,152.99,0.0
2023-03-16,155.85,0.1481481481481481
2023-03-17,155.0,0.5625
2023-03-20,157.4,0.5
2023-03-21,159.28,0.3333333333333333
2023-03-22,157.83,-0.2666666666666667
2023-03-23,158.93,0.1891891891891892
2023-03-24,160.25,0.15
2023-03-27,158.28,0.3076923076923077
2023-03-28,157.65,0.0476190476190476
2023-03-29,160.77,0.04
2023-03-30,162.36,0.2
2023-03-31,164.9,0.2142857142857143
2023-04-03,166.17,0.0909090909090909
2023-04-04,165.63,0.2
2023-04-05,163.76,0.125
2023-04-06,164.66,0.12
2023-04-10,162.03,-0.28125
2023-04-11,160.8,0.0
2023-04-12,160.1,-0.1818181818181818
2023-04-13,165.56,0.1
2023-04-14,165.21,0.0666666666666666
2023-04-17,165.23,0.2790697674418605
2023-04-18,166.47,0.1351351351351351
2023-04-19,167.63,0.1428571428571428
2023-04-20,166.65,0.0526315789473684
2023-04-21,165.02,-0.0476190476190476
2023-04-24,165.33,0.2352941176470588
2023-04-25,163.77,0.1578947368421053
2023-04-26,163.76,0.1333333333333333
2023-04-27,168.41,0.2142857142857143
2023-04-28,169.68,0.1428571428571428
2023-05-01,169.59,0.0833333333333333
2023-05-02,168.54,0.0869565217391304
2023-05-03,167.45,-0.0666666666666666
2023-05-04,165.79,0.0925925925925925
2023-05-05,173.57,0.3088235294117647
2023-05-08,173.5,0.1052631578947368
2023-05-09,171.77,0.2631578947368421
2023-05-10,173.555,-0.0526315789473684
2023-05-11,173.75,-0.05
2023-05-12,172.57,0.125
2023-05-15,172.07,-0.1428571428571428
2023-05-16,172.07,-0.0714285714285714
2023-05-17,172.69,-0.0416666666666666
2023-05-18,175.05,0.2173913043478261
2023-05-19,175.16,0.04
2023-05-22,174.2,-0.1538461538461539
2023-05-23,171.56,0.375
2023-05-24,171.84,0.5
2023-05-25,172.99,0.1428571428571428
2023-05-26,175.43,0.25
2023-05-30,177.3,0.3
2023-05-31,177.25,0.1739130434782609
2023-06-01,180.09,0.2941176470588235
2023-06-02,180.95,0.0434782608695652
2023-06-05,179.58,0.2022471910112359
2023-06-06,179.21,0.0126582278481012
2023-06-07,177.82,0.2857142857142857
2023-06-08,180.57,0.28125
2023-06-09,180.96,0.0
2023-06-12,183.79,0.2
2023-06-13,183.31,0.275
2023-06-14,183.95,0.3225806451612903
2023-06-15,186.01,0.4
2023-06-16,184.92,0.2
2023-06-20,185.01,0.5263157894736842
2023-06-21,183.96,0.1
2023-06-22,187.0,0.4545454545454545
2023-06-23,186.68,0.25
2023-06-26,185.27,0.15
2023-06-27,188.06,0.0
2023-06-28,189.25,0.16
2023-06-29,189.59,0.0
2023-06-30,193.97,0.2295081967213115
2023-07-03,192.46,0.1379310344827586
2023-07-05,191.33,0.0454545454545454
2023-07-06,191.81,0.25
2023-07-07,190.68,0.0526315789473684
2023-07-10,188.61,0.3684210526315789
2023-07-11,188.08,0.1785714285714286
2023-07-12,189.77,0.1
2023-07-13,190.54,0.25
2023-07-14,190.69,0.3333333333333333
2023-07-17,193.99,0.2608695652173913
2023-07-18,193.73,0.3529411764705883
2023-07-19,195.1,0.2727272727272727
2023-07-20,193.13,0.1666666666666667
2023-07-21,191.94,0.2352941176470588
2023-07-24,192.75,0.1818181818181818
2023-07-25,193.62,-0.0476190476190476
2023-07-26,194.5,0.1428571428571428
2023-07-27,193.22,0.2941176470588235
2023-07-28,195.83,0.3571428571428572
2023-07-31,196.45,0.2777777777777778
2023-08-01,195.605,0.1764705882352941
2023-08-02,192.58,0.1666666666666667
2023-08-03,191.17,-0.0681818181818181
2023-08-04,181.99,0.0
2023-08-07,178.85,0.25
2023-08-08,179.8,0.0714285714285714
2023-08-09,178.19,-0.0303030303030303
2023-08-10,177.97,0.1428571428571428
2023-08-11,177.79,0.0952380952380952
2023-08-14,179.46,0.2916666666666667
2023-08-15,177.45,0.15
2023-08-16,176.57,0.2857142857142857
2023-08-17,174.0,-0.1052631578947368
2023-08-18,174.49,0.2142857142857143
2023-08-21,175.84,-0.1904761904761905
2023-08-22,177.23,0.0
2023-08-23,181.12,0.0
2023-08-24,176.38,0.12
2023-08-25,178.61,0.1666666666666667
2023-08-28,180.19,-0.1904761904761905
2023-08-29,184.12,0.0555555555555555
2023-08-30,187.65,-0.1153846153846154
2023-08-31,187.87,0.2173913043478261
2023-09-01,189.46,0.2727272727272727
2023-09-05,189.7,0.391304347826087
2023-09-06,182.91,-0.3725490196078431
2023-09-07,177.56,-0.2238805970149254
2023-09-08,178.18,-0.0978260869565217
2023-09-11,179.36,0.2054794520547945
2023-09-12,176.3,-0.0588235294117647
2023-09-13,174.21,-0.0149253731343283
2023-09-14,175.74,0.0
2023-09-15,175.01,0.1621621621621622
2023-09-18,177.97,0.175
2023-09-19,179.07,0.2142857142857143
2023-09-20,175.49,0.1111111111111111
2023-09-21,173.93,-0.1666666666666667
2023-09-22,174.79,0.0465116279069767
2023-09-25,176.08,0.0
2023-09-26,171.96,-0.1052631578947368
2023-09-27,170.43,0.0
2023-09-28,170.69,0.048780487804878
2023-09-29,171.21,0.103448275862069
2023-10-02,173.75,0.2272727272727273
2023-10-03,172.4,0.0416666666666666
2023-10-04,173.66,-0.15
2023-10-05,174.91,0.0769230769230769
2023-10-06,177.49,0.1666666666666667
2023-10-09,178.99,0.0
2023-10-10,178.39,0.0
2023-10-11,179.8,0.0434782608695652
2023-10-12,180.71,0.0769230769230769
2023-10-13,178.85,0.2608695652173913
2023-10-16,178.72,0.2962962962962963
2023-10-17,177.15,-0.0555555555555555
2023-10-18,175.84,0.0666666666666666
2023-10-19,175.46,0.2692307692307692
2023-10-20,172.88,0.0434782608695652
2023-10-23,173.0,0.0294117647058823
2023-10-24,173.44,-0.0909090909090909
2023-10-25,171.1,0.037037037037037
2023-10-26,166.89,-0.25
2023-10-27,168.22,0.1875
2023-10-30,170.29,-0.0204081632653061
2023-10-31,170.77,0.1463414634146341
2023-11-01,173.97,0.1621621621621622
2023-11-02,177.57,0.0588235294117647
2023-11-03,176.65,-0.1230769230769231
2023-11-06,179.23,0.0344827586206896
2023-11-07,181.82,0.1666666666666667
2023-11-08,182.89,0.0666666666666666
2023-11-09,182.41,0.0
2023-11-10,186.4,0.0
2023-11-13,184.8,0.1538461538461539
2023-11-14,187.44,0.2857142857142857
2023-11-15,188.01,0.1379310344827586
2023-11-16,189.71,0.1153846153846154
2023-11-17,189.69,-0.1333333333333333
2023-11-20,191.45,0.2105263157894737
2023-11-21,190.64,0.0967741935483871
2023-11-22,191.31,0.25
2023-11-24,189.97,0.1923076923076923
2023-11-27,189.79,0.3103448275862069
2023-11-28,190.4,0.12
2023-11-29,189.37,0.1666666666666667
2023-11-30,189.95,0.4615384615384616
2023-12-01,191.24,0.0909090909090909
2023-12-04,189.43,0.3809523809523809
2023-12-05,193.42,0.1666666666666667
2023-12-06,192.32,0.1463414634146341
2023-12-07,194.27,0.1142857142857143
2023-12-08,195.71,0.1555555555555556
2023-12-11,193.18,0.1
2023-12-12,194.71,-0.125
2023-12-13,197.96,0.09375
2023-12-14,198.11,0.2058823529411765
2023-12-15,197.57,0.1739130434782609
2023-12-18,195.89,-0.3103448275862069
2023-12-19,196.94,0.027027027027027
2023-12-20,194.83,0.2222222222222222
2023-12-21,194.68,-0.0277777777777777
2023-12-22,193.6,-0.1578947368421053
2023-12-26,193.05,-0.03125
2023-12-27,193.15,0.119047619047619
2023-12-28,193.58,0.2222222222222222
2023-12-29,192.53,0.25
2024-01-02,185.64,-0.5454545454545454
2024-01-03,184.25,-0.0256410256410256
2024-01-04,181.91,-0.1142857142857143
2024-01-05,181.18,-0.1212121212121212
2024-01-08,185.56,0.0625
2024-01-09,185.14,0.1875
2024-01-10,186.19,-0.074074074074074
2024-01-11,185.59,0.0689655172413793
2024-01-12,185.92,0.2333333333333333
2024-01-16,183.63,-0.0869565217391304
2024-01-17,182.68,0.0212765957446808
2024-01-18,188.63,0.2727272727272727
2024-01-19,191.56,0.1071428571428571
2024-01-22,193.89,0.1904761904761905
2024-01-23,195.18,0.0
2024-01-24,194.5,0.2
2024-01-25,194.17,0.1538461538461539
2024-01-26,192.42,0.0625
2024-01-29,191.73,0.0714285714285714
2024-01-30,188.04,0.2857142857142857
2024-01-31,184.4,0.21875
2024-02-01,186.86,0.2542372881355932
2024-02-02,185.85,0.1129032258064516
2024-02-05,187.68,0.0571428571428571
2024-02-06,189.3,0.2
2024-02-07,189.41,0.2413793103448276
2024-02-08,188.32,0.32
2024-02-09,188.85,0.0
2024-02-12,187.15,0.0666666666666666
2024-02-13,185.04,0.1052631578947368
2024-02-14,184.15,0.3888888888888889
2024-02-15,183.86,0.1785714285714286
2024-02-16,182.31,0.1904761904761905
2024-02-20,181.56,0.0526315789473684
2024-02-21,182.32,0.2413793103448276
2024-02-22,184.37,0.2
2024-02-23,182.52,0.0833333333333333
2024-02-26,181.16,0.12
2024-02-27,182.63,0.0476190476190476
2024-02-28,181.42,0.0
2024-02-29,180.75,-0.0555555555555555
2024-03-01,179.66,-0.3157894736842105
2024-03-04,175.1,-0.037037037037037
2024-03-05,170.12,-0.25
2024-03-06,169.12,0.0666666666666666
2024-03-07,169.0,-0.0526315789473684
2024-03-08,170.73,0.0588235294117647
2024-03-11,172.75,-0.0555555555555555
2024-03-12,173.23,-0.2307692307692308
2024-03-13,171.13,0.25
2024-03-14,173.0,0.3
2024-03-15,172.62,0.0588235294117647
2024-03-18,173.72,-0.1666666666666667
2024-03-19,176.08,0.1666666666666667
2024-03-20,178.67,-0.125
2024-03-21,171.37,-0.1428571428571428
2024-03-22,172.28,-0.2424242424242424
2024-03-25,170.85,0.0
2024-03-26,169.71,0.0
2024-03-27,173.31,-0.1428571428571428
2024-03-28,171.48,0.1666666666666667
2024-04-01,170.03,-0.25
2024-04-02,168.84,0.0
2024-04-03,169.65,0.1428571428571428
2024-04-04,168.82,-0.1666666666666667
2024-04-05,169.58,0.2222222222222222
2024-04-08,168.45,0.0
2024-04-09,169.67,-0.1428571428571428
2024-04-10,167.78,0.2142857142857143
2024-04-11,175.04,0.125
2024-04-12,176.55,0.3333333333333333
2024-04-15,172.69,-0.1818181818181818
2024-04-16,169.38,0.0
2024-04-17,168.0,-0.15
2024-04-18,167.04,0.2
2024-04-19,165.0,0.0344827586206896
2024-04-22,165.84,0.25
2024-04-23,166.9,0.2857142857142857
2024-04-24,169.02,0.3333333333333333
2024-04-25,169.89,-0.2105263157894737
2024-04-26,169.3,0.375
2024-04-29,173.5,0.3157894736842105
2024-04-30,170.33,0.0869565217391304
2024-05-01,169.3,0.125
2024-05-02,173.03,0.3333333333333333
2024-05-03,183.38,0.1428571428571428
2024-05-06,181.71,-0.0625
2024-05-07,182.4,0.2
2024-05-08,182.74,0.1363636363636364
2024-05-09,184.57,0.3333333333333333
2024-05-10,183.05,0.16
2024-05-13,186.28,0.1578947368421053
2024-05-14,187.43,0.3076923076923077
2024-05-15,189.72,0.4347826086956522
2024-05-16,189.84,0.1052631578947368
2024-05-17,189.87,0.1818181818181818
2024-05-20,191.04,-0.0666666666666666
2024-05-21,192.35,0.2272727272727273
2024-05-22,190.9,0.1666666666666667
2024-05-23,186.88,0.0952380952380952
2024-05-24,189.98,0.3333333333333333
2024-05-28,189.99,0.3
2024-05-29,190.29,0.25
2024-05-30,191.29,0.2380952380952381
2024-05-31,192.25,-0.0714285714285714
2024-06-03,194.03,0.2222222222222222
2024-06-04,194.35,0.0
2024-06-05,195.87,0.1666666666666667
2024-06-06,194.48,0.28
2024-06-07,196.89,0.2272727272727273
2024-06-10,193.12,0.2083333333333333
2024-06-11,207.15,0.4
2024-06-12,213.07,0.282051282051282
2024-06-13,214.24,0.131578947368421
2024-06-14,212.49,0.3529411764705883
2024-06-17,216.67,0.0833333333333333
2024-06-18,214.29,0.1891891891891892
2024-06-20,209.68,0.375
2024-06-21,207.49,0.0689655172413793
2024-06-24,208.14,0.0
2024-06-25,209.07,0.3684210526315789
2024-06-26,213.25,0.4117647058823529
2024-06-27,214.1,0.0
2024-06-28,210.62,0.3684210526315789
2024-07-01,216.75,0.1538461538461539
2024-07-02,220.27,0.2222222222222222
2024-07-03,221.55,0.5
2024-07-05,226.34,0.2
2024-07-08,227.82,0.2666666666666667
2024-07-09,228.68,0.1785714285714286
2024-07-10,232.98,0.04
2024-07-11,227.57,0.28
2024-07-12,230.54,0.4210526315789473
2024-07-15,234.4,0.25
2024-07-16,234.82,0.0769230769230769
2024-07-17,228.88,0.0909090909090909
2024-07-18,224.18,0.2916666666666667
2024-07-19,224.31,0.0
2024-07-22,223.96,-0.1111111111111111
2024-07-23,225.01,0.3636363636363636
2024-07-24,218.54,0.1875
2024-07-25,217.49,0.0526315789473684
2024-07-26,217.96,-0.1052631578947368
2024-07-29,218.24,0.0
2024-07-30,218.8,0.3888888888888889
2024-07-31,222.08,0.0
2024-08-01,218.36,0.3157894736842105
2024-08-02,219.86,0.2222222222222222
2024-08-05,209.27,-0.1212121212121212
2024-08-06,207.23,0.0625
2024-08-07,209.82,-0.0666666666666666
2024-08-08,213.31,0.0
2024-08-09,216.24,0.2352941176470588
2024-08-12,217.53,0.5454545454545454
2024-08-13,221.27,0.1304347826086956
2024-08-14,221.72,0.1666666666666667
2024-08-15,224.72,0.1428571428571428
2024-08-16,226.05,0.1428571428571428
2024-08-19,225.89,0.1764705882352941
2024-08-20,226.51,0.25
2024-08-21,226.4,-0.0555555555555555
2024-08-22,224.53,-0.1666666666666667
2024-08-23,226.84,0.2
2024-08-26,227.18,0.2857142857142857
2024-08-27,228.03,0.1176470588235294
2024-08-28,226.49,0.1111111111111111
2024-08-29,229.79,0.2142857142857143
2024-08-30,229.0,0.3571428571428572
2024-09-03,222.77,0.4285714285714285
2024-09-04,220.85,0.0
2024-09-05,222.38,0.0666666666666666
2024-09-06,220.82,0.1666666666666667
2024-09-09,220.91,0.0714285714285714
2024-09-10,220.11,0.0
2024-09-11,222.66,-0.0625
2024-09-12,222.77,0.0526315789473684
2024-09-13,222.5,-0.125
2024-09-16,216.32,0.1
2024-09-17,216.79,0.05
2024-09-18,220.69,0.2105263157894737
2024-09-19,228.87,0.05
2024-09-20,228.2,-0.1428571428571428
2024-09-23,226.47,0.0769230769230769
2024-09-24,227.37,0.1111111111111111
2024-09-25,226.37,0.0
2024-09-26,227.52,0.0
2024-09-27,227.79,0.2857142857142857
2024-09-30,233.0,0.0
2024-10-01,226.21,0.0
2024-10-02,226.78,0.0625
2024-10-03,225.67,0.25
2024-10-04,226.8,0.4
2024-10-07,221.69,-0.3125
2024-10-08,225.77,0.3636363636363636
2024-10-09,229.54,0.0666666666666666
2024-10-10,229.04,0.0
2024-10-11,227.55,0.0
2024-10-14,231.3,0.7272727272727273
2024-10-15,233.85,0.4666666666666667
2024-10-16,231.78,0.0
2024-10-17,232.15,0.032258064516129
2024-10-18,235.0,0.0384615384615384
2024-10-21,236.48,0.1428571428571428
2024-10-22,235.86,0.0
2024-10-23,230.76,-0.75
2024-10-24,230.57,0.5
2024-10-25,231.41,-0.6666666666666666
2024-10-28,233.4,0.0
2024-10-29,233.67,0.3333333333333333
2024-10-30,230.1,0.0
2024-10-31,225.91,0.6
2024-11-01,222.91,0.25
2024-11-04,222.01,0.0
2024-11-05,223.45,0.4
2024-11-06,222.72,0.4
2024-11-07,227.48,0.0
2024-11-08,226.96,-0.5
2024-11-11,224.23,0.6666666666666666
2024-11-12,224.23,0.5
2024-11-13,225.12,0.5
2024-11-14,228.22,-0.5
2024-11-15,225.0,0.5
2024-11-18,228.02,0.0
2024-11-19,228.28,-1.0
2024-11-20,229.0,0.0
2024-11-21,228.52,0.0
2024-11-22,229.87,-0.5
2024-11-25,232.87,0.0
2024-11-26,235.06,0.0
2024-11-27,234.93,-1.0
