window,sma_window,rsi_threshold,observations,total_return,cagr,annualized_volatility,sharpe_ratio,sortino_ratio,max_drawdown,positive_day_rate,exposure,active_days,active_day_hit_rate,total_turnover,estimated_cost
1,10,40,132,-0.029796676046803805,-0.056113420661976,0.07728104942259016,-1.2252150150413443,-0.2823388003182306,0.055496628738654796,0.022727272727272728,0.03787878787878788,5,0.6,8.0,0.004
1,10,45,132,-0.029796676046803805,-0.056113420661976,0.07728104942259016,-1.2252150150413443,-0.2823388003182306,0.055496628738654796,0.022727272727272728,0.03787878787878788,5,0.6,8.0,0.004
1,10,50,132,0.027210016897589284,0.052588352894122226,0.025199394817696702,0.4591359998256197,0.0,0.0004999999999999449,0.022727272727272728,0.022727272727272728,3,1.0,6.0,0.003
1,10,55,132,0.027210016897589284,0.052588352894122226,0.025199394817696702,0.4591359998256197,0.0,0.0004999999999999449,0.022727272727272728,0.022727272727272728,3,1.0,6.0,0.003
1,10,60,132,0.013885535548144867,0.026675992358886402,0.016852340352902544,-0.8029951383007845,0.0,0.000500000000000056,0.015151515151515152,0.015151515151515152,2,1.0,4.0,0.002
1,20,40,132,0.05990505438168725,0.1174727196889831,0.051070464307546116,1.41696817814279,0.0,0.000500000000000056,0.030303030303030304,0.030303030303030304,4,1.0,8.0,0.004
1,20,45,132,0.05990505438168725,0.1174727196889831,0.051070464307546116,1.41696817814279,0.0,0.000500000000000056,0.030303030303030304,0.030303030303030304,4,1.0,8.0,0.004
1,20,50,132,0.05990505438168725,0.1174727196889831,0.051070464307546116,1.41696817814279,0.0,0.000500000000000056,0.030303030303030304,0.030303030303030304,4,1.0,8.0,0.004
1,20,55,132,0.027210016897589284,0.052588352894122226,0.025199394817696702,0.4591359998256197,0.0,0.0004999999999999449,0.022727272727272728,0.022727272727272728,3,1.0,6.0,0.003
1,20,60,132,0.013885535548144867,0.026675992358886402,0.016852340352902544,-0.8029951383007845,0.0,0.000500000000000056,0.015151515151515152,0.015151515151515152,2,1.0,4.0,0.002
1,30,40,132,0.05990505438168725,0.1174727196889831,0.051070464307546116,1.41696817814279,0.0,0.000500000000000056,0.030303030303030304,0.030303030303030304,4,1.0,8.0,0.004
1,30,45,132,0.05990505438168725,0.1174727196889831,0.051070464307546116,1.41696817814279,0.0,0.000500000000000056,0.030303030303030304,0.030303030303030304,4,1.0,8.0,0.004
1,30,50,132,0.05990505438168725,0.1174727196889831,0.051070464307546116,1.41696817814279,0.0,0.000500000000000056,0.030303030303030304,0.030303030303030304,4,1.0,8.0,0.004
1,30,55,132,0.027210016897589284,0.052588352894122226,0.025199394817696702,0.4591359998256197,0.0,0.0004999999999999449,0.022727272727272728,0.022727272727272728,3,1.0,6.0,0.003
1,30,60,132,0.013885535548144867,0.026675992358886402,0.016852340352902544,-0.8029951383007845,0.0,0.000500000000000056,0.015151515151515152,0.015151515151515152,2,1.0,4.0,0.002
2,10,40,132,0.19276626725833812,0.40007441532597743,0.16155955841091596,1.9157020287849382,1.3407040916273516,0.055496628738654796,0.07575757575757576,0.09848484848484848,13,0.7692307692307693,22.0,0.011
2,10,45,132,0.19276626725833812,0.40007441532597743,0.16155955841091596,1.9157020287849382,1.3407040916273516,0.055496628738654796,0.07575757575757576,0.09848484848484848,13,0.7692307692307693,22.0,0.011
2,10,50,132,0.14691876840072782,0.299131937209121,0.10183729302082994,2.2277593283189736,2.1813122521086914,0.022196974785903212,0.06060606060606061,0.06818181818181818,9,0.8888888888888888,18.0,0.009
2,10,55,132,0.10178189329844467,0.20327359426487535,0.09265672900356707,1.6110945948322837,1.28376555802881,0.022196974785903212,0.045454545454545456,0.05303030303030303,7,0.8571428571428571,14.0,0.007
2,10,60,132,0.05509393983391786,0.10780898146315221,0.08030991451217578,0.8159505989700201,0.4880354568478144,0.022196974785903212,0.030303030303030304,0.03787878787878788,5,0.8,10.0,0.005
2,20,40,132,0.22206918715112112,0.4664720455127711,0.11863006390276176,2.9502468083353257,3.5293292655570316,0.022196974785903212,0.07575757575757576,0.08333333333333333,11,0.9090909090909091,20.0,0.01
2,20,45,132,0.22206918715112112,0.4664720455127711,0.11863006390276176,2.9502468083353257,3.5293292655570316,0.022196974785903212,0.07575757575757576,0.08333333333333333,11,0.9090909090909091,20.0,0.01
2,20,50,132,0.18342401222353555,0.3792139112277646,0.11063155893178882,2.600200663423858,2.9008479178807116,0.022196974785903212,0.06818181818181818,0.07575757575757576,10,0.9,20.0,0.01
2,20,55,132,0.10178189329844467,0.20327359426487535,0.09265672900356707,1.6110945948322837,1.28376555802881,0.022196974785903212,0.045454545454545456,0.05303030303030303,7,0.8571428571428571,14.0,0.007
2,20,60,132,0.05509393983391786,0.10780898146315221,0.08030991451217578,0.8159505989700201,0.4880354568478144,0.022196974785903212,0.030303030303030304,0.03787878787878788,5,0.8,10.0,0.005
2,30,40,132,0.18342401222353555,0.3792139112277646,0.11063155893178882,2.600200663423858,2.9008479178807116,0.022196974785903212,0.06818181818181818,0.07575757575757576,10,0.9,20.0,0.01
2,30,45,132,0.18342401222353555,0.3792139112277646,0.11063155893178882,2.600200663423858,2.9008479178807116,0.022196974785903212,0.06818181818181818,0.07575757575757576,10,0.9,20.0,0.01
2,30,50,132,0.18342401222353555,0.3792139112277646,0.11063155893178882,2.600200663423858,2.9008479178807116,0.022196974785903212,0.06818181818181818,0.07575757575757576,10,0.9,20.0,0.01
2,30,55,132,0.10178189329844467,0.20327359426487535,0.09265672900356707,1.6110945948322837,1.28376555802881,0.022196974785903212,0.045454545454545456,0.05303030303030303,7,0.8571428571428571,14.0,0.007
2,30,60,132,0.05509393983391786,0.10780898146315221,0.08030991451217578,0.8159505989700201,0.4880354568478144,0.022196974785903212,0.030303030303030304,0.03787878787878788,5,0.8,10.0,0.005
3,10,40,132,0.31156806456014774,0.6783147419808329,0.1696949493736976,2.9005780174383293,4.328575352705875,0.02486812163527463,0.09090909090909091,0.12121212121212122,16,0.75,28.0,0.014
3,10,45,132,0.31156806456014774,0.6783147419808329,0.1696949493736976,2.9005780174383293,4.328575352705875,0.02486812163527463,0.09090909090909091,0.12121212121212122,16,0.75,28.0,0.014
3,10,50,132,0.21806994724411366,0.4573238486777007,0.1335706146161569,2.5867718118781324,3.566347251472485,0.022196974785903212,0.07575757575757576,0.09848484848484848,13,0.7692307692307693,24.0,0.012
3,10,55,132,0.08385584963951387,0.16617525551518608,0.0910283210439709,1.2940347380803745,1.0828665266093642,0.022196974785903212,0.03787878787878788,0.05303030303030303,7,0.7142857142857143,14.0,0.007
3,10,60,132,0.05509393983391786,0.10780898146315221,0.08030991451217578,0.8159505989700201,0.4880354568478144,0.022196974785903212,0.030303030303030304,0.03787878787878788,5,0.8,10.0,0.005
3,20,40,132,0.23540225154186922,0.4971680821104929,0.1458928571151443,2.565185009719835,2.5560305998776474,0.03225947725294187,0.08333333333333333,0.10606060606060606,14,0.7857142857142857,24.0,0.012
3,20,45,132,0.23540225154186922,0.4971680821104929,0.1458928571151443,2.565185009719835,2.5560305998776474,0.03225947725294187,0.08333333333333333,0.10606060606060606,14,0.7857142857142857,24.0,0.012
3,20,50,132,0.19633544859917706,0.40808346985636446,0.13951008575559798,2.2358129445330377,2.1303668612177544,0.03225947725294187,0.07575757575757576,0.09848484848484848,13,0.7692307692307693,24.0,0.012
3,20,55,132,0.08385584963951387,0.16617525551518608,0.0910283210439709,1.2940347380803745,1.0828665266093642,0.022196974785903212,0.03787878787878788,0.05303030303030303,7,0.7142857142857143,14.0,0.007
3,20,60,132,0.05509393983391786,0.10780898146315221,0.08030991451217578,0.8159505989700201,0.4880354568478144,0.022196974785903212,0.030303030303030304,0.03787878787878788,5,0.8,10.0,0.005
3,30,40,132,0.0867369214187299,0.17210037844730652,0.11399503461731028,1.0983683543962788,0.8297267489904475,0.04913633163516906,0.06818181818181818,0.09848484848484848,13,0.6923076923076923,24.0,0.012
3,30,45,132,0.0867369214187299,0.17210037844730652,0.11399503461731028,1.0983683543962788,0.8297267489904475,0.04913633163516906,0.06818181818181818,0.09848484848484848,13,0.6923076923076923,24.0,0.012
3,30,50,132,0.09240752496891314,0.18380412656185152,0.10988524213876984,1.2257524501091133,0.8630803534510845,0.03549354093132706,0.05303030303030303,0.07575757575757576,10,0.7,20.0,0.01
3,30,55,132,0.08385584963951387,0.16617525551518608,0.0910283210439709,1.2940347380803745,1.0828665266093642,0.022196974785903212,0.03787878787878788,0.05303030303030303,7,0.7142857142857143,14.0,0.007
3,30,60,132,0.05509393983391786,0.10780898146315221,0.08030991451217578,0.8159505989700201,0.4880354568478144,0.022196974785903212,0.030303030303030304,0.03787878787878788,5,0.8,10.0,0.005
4,10,40,132,0.2072600788199015,0.43273291933116687,0.19969940031997532,1.6989076001578232,2.1290852209291957,0.10437930099491433,0.13636363636363635,0.25,33,0.5454545454545454,45.0,0.0225
4,10,45,132,0.20307330072483687,0.42326213963646375,0.19960837689862762,1.6663159987707248,2.085781072485891,0.10748531368419867,0.12878787878787878,0.23484848484848486,31,0.5483870967741935,45.0,0.0225
4,10,50,132,0.13036297728460866,0.26356578104797634,0.16330038019688758,1.2681579725942123,1.2900959759127604,0.0634189206879795,0.09090909090909091,0.16666666666666666,22,0.5454545454545454,36.0,0.018
4,10,55,132,0.042407617720511714,0.08251861504696101,0.12052011864798166,0.3851739745908669,0.30967965155496896,0.051077751493557866,0.05303030303030303,0.11363636363636363,15,0.4666666666666667,24.0,0.012
4,10,60,132,-0.01270161568208994,-0.024108486946179286,0.10024810666885285,-0.5931271006407248,-0.3426184121295501,0.07232126467229794,0.03787878787878788,0.08333333333333333,11,0.45454545454545453,16.0,0.008
4,20,40,132,0.16271748642273898,0.3335097875084252,0.1749012816196616,1.5035345514223921,1.5327572531058271,0.06518142521437764,0.11363636363636363,0.19696969696969696,26,0.5769230769230769,39.0,0.0195
4,20,45,132,0.16271748642273898,0.3335097875084252,0.1749012816196616,1.5035345514223921,1.5327572531058271,0.06518142521437764,0.11363636363636363,0.19696969696969696,26,0.5769230769230769,39.0,0.0195
4,20,50,132,0.1101934684204724,0.22087214244394726,0.16808264534039088,1.032185289349598,0.982684706519568,0.06341892068797916,0.09090909090909091,0.16666666666666666,22,0.5454545454545454,36.0,0.018
4,20,55,132,0.042407617720511714,0.08251861504696101,0.12052011864798166,0.3851739745908669,0.30967965155496896,0.051077751493557866,0.05303030303030303,0.11363636363636363,15,0.4666666666666667,24.0,0.012
4,20,60,132,-0.01270161568208994,-0.024108486946179286,0.10024810666885285,-0.5931271006407248,-0.3426184121295501,0.07232126467229794,0.03787878787878788,0.08333333333333333,11,0.45454545454545453,16.0,0.008
4,30,40,132,0.045178513103742546,0.08801869390742989,0.13870127545546457,0.38814309344273373,0.3378271163889568,0.06437922305208077,0.08333333333333333,0.1590909090909091,21,0.5238095238095238,34.0,0.017
4,30,45,132,0.045178513103742546,0.08801869390742989,0.13870127545546457,0.38814309344273373,0.3378271163889568,0.06437922305208077,0.08333333333333333,0.1590909090909091,21,0.5238095238095238,34.0,0.017
4,30,50,132,0.05063226448567182,0.09888286302772031,0.13536378873636565,0.4677728727254092,0.38807914787437814,0.05949714497520886,0.06818181818181818,0.13636363636363635,18,0.5,30.0,0.015
4,30,55,132,0.042407617720511714,0.08251861504696101,0.12052011864798166,0.3851739745908669,0.30967965155496896,0.051077751493557866,0.05303030303030303,0.11363636363636363,15,0.4666666666666667,24.0,0.012
4,30,60,132,-0.01270161568208994,-0.024108486946179286,0.10024810666885285,-0.5931271006407248,-0.3426184121295501,0.07232126467229794,0.03787878787878788,0.08333333333333333,11,0.45454545454545453,16.0,0.008
5,10,40,132,0.0037934043708858223,0.007254439482847541,0.15201700103485236,-0.14067183325860502,-0.14377284535042903,0.10437930099491366,0.13636363636363635,0.2727272727272727,36,0.5,50.0,0.025
5,10,45,132,0.00031224872669510795,0.0005961958115106025,0.15183416263743157,-0.18470617396390818,-0.18843461098615244,0.10748531368419789,0.12878787878787878,0.25757575757575757,34,0.5,50.0,0.025
5,10,50,132,0.029245701596842144,0.056574262537147924,0.14164833883028793,0.17579530191485165,0.16768416428710828,0.06341892068797883,0.09848484848484848,0.19696969696969696,26,0.5,40.0,0.02
5,10,55,132,-0.00829482722383168,-0.015775858115696262,0.09702236454677857,-0.5280474173630836,-0.37788749317646175,0.05107775149355798,0.07575757575757576,0.15151515151515152,20,0.5,30.0,0.015
5,10,60,132,-0.06488602463949511,-0.12021252941634408,0.07262895068594724,-2.277187130433283,-1.0193350801280803,0.06915942907872463,0.045454545454545456,0.09848484848484848,13,0.46153846153846156,18.0,0.009
5,20,40,132,0.06789976878464166,0.13361948953084624,0.1455392421463912,0.6586630773552224,0.6758780427140071,0.06518142521437753,0.12878787878787878,0.23484848484848486,31,0.5483870967741935,48.0,0.024
5,20,45,132,0.06789976878464166,0.13361948953084624,0.1455392421463912,0.6586630773552224,0.6758780427140071,0.06518142521437753,0.12878787878787878,0.23484848484848486,31,0.5483870967741935,48.0,0.024
5,20,50,132,0.047246304679105844,0.09213179712185693,0.14361327878582042,0.405855787072822,0.39288329102262404,0.0634189206879795,0.10606060606060606,0.20454545454545456,27,0.5185185185185185,42.0,0.021
5,20,55,132,0.008593647180827446,0.01647012243967172,0.10002114051386457,-0.18700405723465893,-0.14000680938791832,0.05107775149355798,0.08333333333333333,0.1590909090909091,21,0.5238095238095238,32.0,0.016
5,20,60,132,-0.06488602463949511,-0.12021252941634408,0.07262895068594724,-2.277187130433283,-1.0193350801280803,0.06915942907872463,0.045454545454545456,0.09848484848484848,13,0.46153846153846156,18.0,0.009
5,30,40,132,0.03886413390636467,0.07550433304902593,0.10785674437166314,0.3575428001182755,0.3002972041820811,0.05107775149355798,0.10606060606060606,0.1893939393939394,25,0.56,38.0,0.019
5,30,45,132,0.03886413390636467,0.07550433304902593,0.10785674437166314,0.3575428001182755,0.3002972041820811,0.05107775149355798,0.10606060606060606,0.1893939393939394,25,0.56,38.0,0.019
5,30,50,132,0.02607319057285795,0.05036554714711672,0.10640286104576521,0.1386471236693173,0.1134315712878826,0.05107775149355798,0.09848484848484848,0.18181818181818182,24,0.5416666666666666,36.0,0.018
5,30,55,132,0.008593647180827446,0.01647012243967172,0.10002114051386457,-0.18700405723465893,-0.14000680938791832,0.05107775149355798,0.08333333333333333,0.1590909090909091,21,0.5238095238095238,32.0,0.016
5,30,60,132,-0.06488602463949511,-0.12021252941634408,0.07262895068594724,-2.277187130433283,-1.0193350801280803,0.06915942907872463,0.045454545454545456,0.09848484848484848,13,0.46153846153846156,18.0,0.009
6,10,40,132,-0.027539901154604696,-0.051917465744116376,0.1246620765199925,-0.6864583505983023,-0.5913492611925537,0.0740549594109361,0.14393939393939395,0.26515151515151514,35,0.5428571428571428,50.0,0.025
6,10,45,132,-0.030912392891555007,-0.05818456597834876,0.12442531381514749,-0.7412922470328583,-0.6370041240326285,0.07726613692039319,0.13636363636363635,0.25,33,0.5454545454545454,50.0,0.025
6,10,50,132,-0.01584206601864213,-0.030026054411900427,0.1151891846625443,-0.5546242924324221,-0.4252682536200369,0.051283617531626136,0.10606060606060606,0.1893939393939394,25,0.56,40.0,0.02
6,10,55,132,0.02088379282710262,0.04024728322853188,0.10277437092821877,0.04564902280766247,0.03405027873136704,0.051077751493557866,0.09848484848484848,0.1590909090909091,21,0.6190476190476191,32.0,0.016
6,10,60,132,-0.05776621611505106,-0.10738011928992841,0.06616501610361754,-2.287703299342017,-0.8892966503569508,0.06755199910555831,0.030303030303030304,0.06818181818181818,9,0.4444444444444444,14.0,0.007
6,20,40,132,-0.0026381324048309063,-0.00503039466183397,0.12228204280307771,-0.3075944582473932,-0.27175081331461426,0.053237562574457,0.13636363636363635,0.24242424242424243,32,0.5625,52.0,0.026
6,20,45,132,-0.0026381324048309063,-0.00503039466183397,0.12228204280307771,-0.3075944582473932,-0.27175081331461426,0.053237562574457,0.13636363636363635,0.24242424242424243,32,0.5625,52.0,0.026
6,20,50,132,-0.012834525504322736,-0.024359276952155118,0.11921831312126385,-0.48310728939283565,-0.38977970027284087,0.051283617531626136,0.11363636363636363,0.20454545454545456,27,0.5555555555555556,44.0,0.022
6,20,55,132,0.03826917134340779,0.07432874114069099,0.1055410496374772,0.35265519596826445,0.27426075080504086,0.051077751493557866,0.10606060606060606,0.16666666666666666,22,0.6363636363636364,34.0,0.017
6,20,60,132,-0.05776621611505106,-0.10738011928992841,0.06616501610361754,-2.287703299342017,-0.8892966503569508,0.06755199910555831,0.030303030303030304,0.06818181818181818,9,0.4444444444444444,14.0,0.007
6,30,40,132,0.0026456183840584124,0.005056799289151481,0.12328149002450145,-0.22227839451888987,-0.18609976301503464,0.06021690741799601,0.12121212121212122,0.2196969696969697,29,0.5517241379310345,44.0,0.022
6,30,45,132,0.0026456183840584124,0.005056799289151481,0.12328149002450145,-0.22227839451888987,-0.18609976301503464,0.06021690741799601,0.12121212121212122,0.2196969696969697,29,0.5517241379310345,44.0,0.022
6,30,50,132,0.006748498329168573,0.012923008859882623,0.12317549695015097,-0.159277875069712,-0.12991490790036783,0.0563712643187696,0.12121212121212122,0.21212121212121213,28,0.5714285714285714,42.0,0.021
6,30,55,132,0.03826917134340779,0.07432874114069099,0.1055410496374772,0.35265519596826445,0.27426075080504086,0.051077751493557866,0.10606060606060606,0.16666666666666666,22,0.6363636363636364,34.0,0.017
6,30,60,132,-0.05776621611505106,-0.10738011928992841,0.06616501610361754,-2.287703299342017,-0.8892966503569508,0.06755199910555831,0.030303030303030304,0.06818181818181818,9,0.4444444444444444,14.0,0.007
7,10,40,132,-0.09431684156215447,-0.17231739099041077,0.09319203533802223,-2.4111957524509062,-1.6406846351015003,0.0988284727865848,0.07575757575757576,0.17424242424242425,23,0.43478260869565216,42.0,0.021
7,10,45,132,-0.06495476730784555,-0.12033599664737982,0.083184743934724,-1.9802416723548724,-1.374464490730848,0.06961266475108052,0.07575757575757576,0.16666666666666666,22,0.45454545454545453,40.0,0.02
7,10,50,132,-0.06184902146582849,-0.11474959899495396,0.081843897928129,-1.9367165015751748,-1.2760178840239158,0.06184902146582849,0.06818181818181818,0.15151515151515152,20,0.45,36.0,0.018
7,10,55,132,-0.06100367419141184,-0.1132261321749336,0.07941092197507998,-1.9768512865996704,-1.1689279849082639,0.061277856560397304,0.06060606060606061,0.12878787878787878,17,0.47058823529411764,30.0,0.015
7,10,60,132,-0.08152857691250237,-0.14986290797081214,0.06284056253060676,-3.187687597712341,-1.3623116723026083,0.08152857691250237,0.015151515151515152,0.06818181818181818,9,0.2222222222222222,18.0,0.009
7,20,40,132,-0.062097312906531754,-0.11519682752946525,0.08870869812638223,-1.7860076390328592,-1.3297153969856124,0.062097312906531754,0.08333333333333333,0.18181818181818182,24,0.4583333333333333,44.0,0.022
7,20,45,132,-0.062097312906531754,-0.11519682752946525,0.08870869812638223,-1.7860076390328592,-1.3297153969856124,0.062097312906531754,0.08333333333333333,0.18181818181818182,24,0.4583333333333333,44.0,0.022
7,20,50,132,-0.05898207605080186,-0.1095777930495846,0.08745079933754937,-1.7406009422712283,-1.2360909267525348,0.061277856560397304,0.07575757575757576,0.16666666666666666,22,0.45454545454545453,40.0,0.02
7,20,55,132,-0.04501281738253404,-0.08417289960115215,0.08321353789445567,-1.4956164163372228,-0.9401422156948837,0.06127785656039764,0.06818181818181818,0.13636363636363635,18,0.5,32.0,0.016
7,20,60,132,-0.08152857691250237,-0.14986290797081214,0.06284056253060676,-3.187687597712341,-1.3623116723026083,0.08152857691250237,0.015151515151515152,0.06818181818181818,9,0.2222222222222222,18.0,0.009
7,30,40,132,-0.08873909593093954,-0.16255880985348048,0.10520589423483703,-2.013233803432746,-1.5199510857214233,0.10006588642131653,0.08333333333333333,0.20454545454545456,27,0.4074074074074074,46.0,0.023
7,30,45,132,-0.08873909593093954,-0.16255880985348048,0.10520589423483703,-2.013233803432746,-1.5199510857214233,0.10006588642131653,0.08333333333333333,0.20454545454545456,27,0.4074074074074074,46.0,0.023
7,30,50,132,-0.07524756646852238,-0.13872952767657765,0.10432266261573601,-1.7623833836328358,-1.2638618654818001,0.0867420539674435,0.08333333333333333,0.1893939393939394,25,0.44,42.0,0.021
7,30,55,132,-0.046294139545270285,-0.0865173224228093,0.08321406887938357,-1.5263980944969724,-0.9875565579649822,0.06253735564994944,0.06818181818181818,0.14393939393939395,19,0.47368421052631576,34.0,0.017
7,30,60,132,-0.08152857691250237,-0.14986290797081214,0.06284056253060676,-3.187687597712341,-1.3623116723026083,0.08152857691250237,0.015151515151515152,0.06818181818181818,9,0.2222222222222222,18.0,0.009
8,10,40,132,-0.1311761918203892,-0.23543381020252852,0.0924966773650313,-3.2864745025907505,-1.795310970317274,0.13765167049907645,0.05303030303030303,0.13636363636363635,18,0.3888888888888889,32.0,0.016
8,10,45,132,-0.10300909063051789,-0.18741635015130453,0.08263540478021018,-2.9528460477438148,-1.5613252251832304,0.10969450308574102,0.05303030303030303,0.12878787878787878,17,0.4117647058823529,30.0,0.015
8,10,50,132,-0.10880986026825201,-0.19741896443873475,0.08193064041798714,-3.1299965615456737,-1.6179245276538665,0.11545203868711995,0.045454545454545456,0.12121212121212122,16,0.375,28.0,0.014
8,10,55,132,-0.10880986026825201,-0.19741896443873475,0.08193064041798714,-3.1299965615456737,-1.6179245276538665,0.11545203868711995,0.045454545454545456,0.12121212121212122,16,0.375,28.0,0.014
8,10,60,132,-0.0990175481724509,-0.18049923763827724,0.07450076563017909,-3.1701430253284926,-1.3273223813281614,0.0990175481724509,0.015151515151515152,0.06818181818181818,9,0.2222222222222222,18.0,0.009
8,20,40,132,-0.09752605762278765,-0.177907405960821,0.0832574130476441,-2.7905457508471563,-1.5073673753431145,0.10425233597395178,0.06060606060606061,0.13636363636363635,18,0.4444444444444444,32.0,0.016
8,20,45,132,-0.09752605762278765,-0.177907405960821,0.0832574130476441,-2.7905457508471563,-1.5073673753431145,0.10425233597395178,0.06060606060606061,0.13636363636363635,18,0.4444444444444444,32.0,0.016
8,20,50,132,-0.10336228560359051,-0.18802707195244917,0.08256498933144119,-2.964532746545176,-1.566168893153133,0.11004506564186556,0.05303030303030303,0.12878787878787878,17,0.4117647058823529,30.0,0.015
8,20,55,132,-0.10336228560359051,-0.18802707195244917,0.08256498933144119,-2.964532746545176,-1.566168893153133,0.11004506564186556,0.05303030303030303,0.12878787878787878,17,0.4117647058823529,30.0,0.015
8,20,60,132,-0.0990175481724509,-0.18049923763827724,0.07450076563017909,-3.1701430253284926,-1.3273223813281614,0.0990175481724509,0.015151515151515152,0.06818181818181818,9,0.2222222222222222,18.0,0.009
8,30,40,132,-0.11561861607536583,-0.20908442024332619,0.08699861559028779,-3.110937483432383,-1.966037653547264,0.12221004778052469,0.06060606060606061,0.17424242424242425,23,0.34782608695652173,40.0,0.02
8,30,45,132,-0.11561861607536583,-0.20908442024332619,0.08699861559028779,-3.110937483432383,-1.966037653547264,0.12221004778052469,0.06060606060606061,0.17424242424242425,23,0.34782608695652173,40.0,0.02
8,30,50,132,-0.11433101389636391,-0.2068846052669947,0.08357150682719253,-3.2087623765322832,-1.8337350405211688,0.12093204230039112,0.05303030303030303,0.15151515151515152,20,0.35,34.0,0.017
8,30,55,132,-0.10456531931578372,-0.190105638815401,0.08255059407059881,-2.9960884014483735,-1.6278483725361486,0.11123913295709809,0.05303030303030303,0.13636363636363635,18,0.3888888888888889,32.0,0.016
8,30,60,132,-0.0990175481724509,-0.18049923763827724,0.07450076563017909,-3.1701430253284926,-1.3273223813281614,0.0990175481724509,0.015151515151515152,0.06818181818181818,9,0.2222222222222222,18.0,0.009
9,10,40,132,-0.047253004958182965,-0.08826987720409907,0.10688155965977243,-1.1853768490880312,-0.71543034582949,0.1172642609179968,0.05303030303030303,0.12121212121212122,16,0.4375,28.0,0.014
9,10,45,132,-0.016365130149690987,-0.03101000182241731,0.09803878606487028,-0.6805121296115004,-0.411315225392181,0.09450598076595162,0.05303030303030303,0.11363636363636363,15,0.4666666666666667,26.0,0.013
9,10,50,132,-0.04002385898300054,-0.0750173940828257,0.09400470034276134,-1.2080973914237654,-0.6735058804777816,0.1003617393461751,0.03787878787878788,0.09848484848484848,13,0.38461538461538464,22.0,0.011
9,10,55,132,-0.03389660435568498,-0.06371361690664323,0.09380093407664893,-1.0814676611792753,-0.5465866053818009,0.1003617393461751,0.03787878787878788,0.08333333333333333,11,0.45454545454545453,18.0,0.009
9,10,60,132,-0.03612231456161319,-0.06782724731726952,0.0916153509616474,-1.1575107789078005,-0.491098465230804,0.09412984859478324,0.022727272727272728,0.05303030303030303,7,0.42857142857142855,12.0,0.006
9,20,40,132,0.014650010554050352,0.028154362548159728,0.1048352835881723,-0.06459379650633204,-0.04415254237423105,0.088970970830062,0.07575757575757576,0.14393939393939395,19,0.5263157894736842,30.0,0.015
9,20,45,132,0.014650010554050352,0.028154362548159728,0.1048352835881723,-0.06459379650633204,-0.04415254237423105,0.088970970830062,0.07575757575757576,0.14393939393939395,19,0.5263157894736842,30.0,0.015
9,20,50,132,-0.009754705256875051,-0.018540022762322916,0.10118387267864722,-0.5299457090480132,-0.33803746498452625,0.09486252388405914,0.06060606060606061,0.12878787878787878,17,0.47058823529411764,26.0,0.013
9,20,55,132,-0.003434251231877683,-0.006546062206669645,0.10096581353410361,-0.41100845152438525,-0.24100629466167647,0.09486252388405914,0.06060606060606061,0.11363636363636363,15,0.5333333333333333,22.0,0.011
9,20,60,132,-0.03612231456161319,-0.06782724731726952,0.0916153509616474,-1.1575107789078005,-0.491098465230804,0.09412984859478324,0.022727272727272728,0.05303030303030303,7,0.42857142857142855,12.0,0.006
9,30,40,132,-0.027781876562828045,-0.052367787648814335,0.10735240148277542,-0.820200179210085,-0.5870842705873223,0.09247994310839647,0.06818181818181818,0.1590909090909091,21,0.42857142857142855,34.0,0.017
9,30,45,132,-0.027781876562828045,-0.052367787648814335,0.10735240148277542,-0.820200179210085,-0.5870842705873223,0.09247994310839647,0.06818181818181818,0.1590909090909091,21,0.42857142857142855,34.0,0.017
9,30,50,132,-0.011083333814194463,-0.021052458972363963,0.101191481296035,-0.5552267964427404,-0.36659967440984703,0.09486252388405947,0.06060606060606061,0.13636363636363635,18,0.4444444444444444,28.0,0.014
9,30,55,132,-0.004771360047328699,-0.00908920171740668,0.10097466875957584,-0.43634771032370206,-0.26627837154285455,0.09486252388405947,0.06060606060606061,0.12121212121212122,16,0.5,24.0,0.012
9,30,60,132,-0.03612231456161319,-0.06782724731726952,0.0916153509616474,-1.1575107789078005,-0.491098465230804,0.09412984859478324,0.022727272727272728,0.05303030303030303,7,0.42857142857142855,12.0,0.006
10,10,40,132,0.14457423454145024,0.2940666979209148,0.12088017713961711,1.8624744125644754,1.6055406042593785,0.05165762999917445,0.11363636363636363,0.16666666666666666,22,0.6818181818181818,38.0,0.019
10,10,45,132,0.1249430592336962,0.25202456540555795,0.11871142612223731,1.6158599668604547,1.3679560182474872,0.05165762999917445,0.10606060606060606,0.1590909090909091,21,0.6666666666666666,36.0,0.018
10,10,50,132,0.030906495666952027,0.05983144257177875,0.10382678212329527,0.22586527465127978,0.15265430053793774,0.05165762999917445,0.06818181818181818,0.12121212121212122,16,0.5625,26.0,0.013
10,10,55,132,0.026424146099020884,0.0510515222239063,0.08997363511343892,0.15339857286440334,0.08016095989460142,0.05165762999917445,0.045454545454545456,0.07575757575757576,10,0.6,16.0,0.008
10,10,60,132,-0.017402193978523606,-0.03295943920109734,0.08156156416442313,-0.8608813557677878,-0.3398695352745343,0.05118322160997946,0.015151515151515152,0.03787878787878788,5,0.4,8.0,0.004
10,20,40,132,0.09395638698684694,0.1870105014254726,0.11009091671456837,1.2487919476809235,1.1076511358849472,0.04586070110833573,0.10606060606060606,0.17424242424242425,23,0.6086956521739131,36.0,0.018
10,20,45,132,0.09395638698684694,0.1870105014254726,0.11009091671456837,1.2487919476809235,1.1076511358849472,0.04586070110833573,0.10606060606060606,0.17424242424242425,23,0.6086956521739131,36.0,0.018
10,20,50,132,0.06764416655984284,0.1331015479257467,0.10687280181605176,0.8480211858375775,0.7081676441617594,0.04586070110833573,0.09090909090909091,0.1590909090909091,21,0.5714285714285714,32.0,0.016
10,20,55,132,0.05878848198091502,0.11522637991083595,0.0971364444264414,0.7592073373904832,0.4712823395423158,0.04586070110833573,0.06818181818181818,0.10606060606060606,14,0.6428571428571429,20.0,0.01
10,20,60,132,-0.017402193978523606,-0.03295943920109734,0.08156156416442313,-0.8608813557677878,-0.3398695352745343,0.05118322160997946,0.015151515151515152,0.03787878787878788,5,0.4,8.0,0.004
10,30,40,132,0.00314296972257444,0.006008786151853185,0.12430728394538622,-0.2119005060578453,-0.1717680637600662,0.06326782947504195,0.09848484848484848,0.1893939393939394,25,0.52,40.0,0.02
10,30,45,132,0.00314296972257444,0.006008786151853185,0.12430728394538622,-0.2119005060578453,-0.1717680637600662,0.06326782947504195,0.09848484848484848,0.1893939393939394,25,0.52,40.0,0.02
10,30,50,132,0.009600606449857052,0.018408390944617103,0.11980279155787385,-0.12218742517439127,-0.09594101885102795,0.06326782947504228,0.09090909090909091,0.17424242424242425,23,0.5217391304347826,36.0,0.018
10,30,55,132,0.05878848198091502,0.11522637991083595,0.0971364444264414,0.7592073373904832,0.4712823395423158,0.04586070110833573,0.06818181818181818,0.10606060606060606,14,0.6428571428571429,20.0,0.01
10,30,60,132,-0.017402193978523606,-0.03295943920109734,0.08156156416442313,-0.8608813557677878,-0.3398695352745343,0.05118322160997946,0.015151515151515152,0.03787878787878788,5,0.4,8.0,0.004
11,10,40,132,0.2016426905205635,0.420032858006508,0.13129968863519606,2.432853312616254,2.229386352793963,0.0418141496014548,0.12121212121212122,0.17424242424242425,23,0.6956521739130435,43.0,0.0215
11,10,45,132,0.13589607604425868,0.27540001217950927,0.11748212793197986,1.7893658681580564,1.4424133591585586,0.041814149601454464,0.10606060606060606,0.1590909090909091,21,0.6666666666666666,39.0,0.0195
11,10,50,132,0.031204817013747776,0.06041702169505592,0.09981020694066019,0.23672029759798663,0.14101860668282437,0.040016355194109066,0.06818181818181818,0.11363636363636363,15,0.6,27.0,0.0135
11,10,55,132,0.044440903827836165,0.08655328265037232,0.05712559333361509,0.7812755717139006,0.4486959623328555,0.023326847214761415,0.03787878787878788,0.05303030303030303,7,0.7142857142857143,14.0,0.007
11,10,60,132,0.00025139652531214196,0.00047999366379269937,0.04314376747705326,-0.894695040835783,-0.2931387272578316,0.02283826634793551,0.007575757575757576,0.022727272727272728,3,0.3333333333333333,6.0,0.003
11,20,40,132,0.06417392938915922,0.12608075948916198,0.10307161500872208,0.815394609140413,0.6272466492190141,0.06007520741712047,0.08333333333333333,0.15151515151515152,20,0.55,37.0,0.0185
11,20,45,132,0.06417392938915922,0.12608075948916198,0.10307161500872208,0.815394609140413,0.6272466492190141,0.06007520741712047,0.08333333333333333,0.15151515151515152,20,0.55,37.0,0.0185
11,20,50,132,0.028861074516514762,0.05582060567874625,0.09670833413308337,0.1961832731077082,0.13159453555272815,0.0583116752853029,0.06818181818181818,0.12878787878787878,17,0.5294117647058824,31.0,0.0155
11,20,55,132,0.037939452061709344,0.07367750949660001,0.05774429896140149,0.5670105181322121,0.3601916991965025,0.023326847214761415,0.03787878787878788,0.06060606060606061,8,0.625,16.0,0.008
11,20,60,132,0.00025139652531214196,0.00047999366379269937,0.04314376747705326,-0.894695040835783,-0.2931387272578316,0.02283826634793551,0.007575757575757576,0.022727272727272728,3,0.3333333333333333,6.0,0.003
11,30,40,132,-0.020481524409871832,-0.03873684213647832,0.10308908717229112,-0.7200450729694099,-0.5512579459791911,0.06682723115574829,0.07575757575757576,0.1590909090909091,21,0.47619047619047616,39.0,0.0195
11,30,45,132,-0.020481524409871832,-0.03873684213647832,0.10308908717229112,-0.7200450729694099,-0.5512579459791911,0.06682723115574829,0.07575757575757576,0.1590909090909091,21,0.47619047619047616,39.0,0.0195
11,30,50,132,-0.0010349346375362334,-0.0019748548208585737,0.09951397034873352,-0.37246046304452024,-0.28554261251650687,0.06682723115574851,0.07575757575757576,0.15151515151515152,20,0.5,37.0,0.0185
11,30,55,132,0.037939452061709344,0.07367750949660001,0.05774429896140149,0.5670105181322121,0.3601916991965025,0.023326847214761415,0.03787878787878788,0.06060606060606061,8,0.625,16.0,0.008
11,30,60,132,0.00025139652531214196,0.00047999366379269937,0.04314376747705326,-0.894695040835783,-0.2931387272578316,0.02283826634793551,0.007575757575757576,0.022727272727272728,3,0.3333333333333333,6.0,0.003
12,10,40,132,0.22419490233639205,0.47134567940897876,0.14523010021167154,2.4572097594693187,2.626663863093515,0.04516854848088159,0.13636363636363635,0.21212121212121213,28,0.6428571428571429,46.0,0.023
12,10,45,132,0.15721436733817096,0.32148653241225067,0.13299215622564173,1.8621131804728364,1.798418471133027,0.04516854848088159,0.12121212121212122,0.19696969696969696,26,0.6153846153846154,42.0,0.021
12,10,50,132,0.09003146652937621,0.1788933601027387,0.1234277046317403,1.0707650094164332,0.891024364833235,0.045168548480881476,0.09848484848484848,0.16666666666666666,22,0.5909090909090909,34.0,0.017
12,10,55,132,0.06649120616307536,0.13076663838361857,0.09766614843053263,0.897054338945828,0.8116746564312317,0.055242358805246305,0.06818181818181818,0.12878787878787878,17,0.5294117647058824,26.0,0.013
12,10,60,132,0.0017922942945549636,0.00342444014223231,0.07597241536366914,-0.44403582789095586,-0.26198381894976114,0.045168548480881476,0.030303030303030304,0.07575757575757576,10,0.4,14.0,0.007
12,20,40,132,0.13929107696722443,0.2826872658033297,0.15068312645953602,1.4613674954416953,1.6747635794876092,0.06007520741712036,0.11363636363636363,0.2196969696969697,29,0.5172413793103449,44.0,0.022
12,20,45,132,0.13929107696722443,0.2826872658033297,0.15068312645953602,1.4613674954416953,1.6747635794876092,0.06007520741712036,0.11363636363636363,0.2196969696969697,29,0.5172413793103449,44.0,0.022
12,20,50,132,0.05914631745355692,0.11594604516756313,0.1255802873606118,0.6173308727166728,0.5679677159051666,0.05831167528530279,0.09848484848484848,0.19696969696969696,26,0.5,40.0,0.02
12,20,55,132,0.05770205165087816,0.11304274664033875,0.09810850113403312,0.7323431186915005,0.7065515318892744,0.057159274709084884,0.06818181818181818,0.14393939393939395,19,0.47368421052631576,28.0,0.014
12,20,60,132,0.0017922942945549636,0.00342444014223231,0.07597241536366914,-0.44403582789095586,-0.26198381894976114,0.045168548480881476,0.030303030303030304,0.07575757575757576,10,0.4,14.0,0.007
12,30,40,132,0.10170972735387007,0.2031231364552073,0.14591189417069675,1.0649861604071573,1.2875163280134323,0.06682723115574829,0.10606060606060606,0.21212121212121213,28,0.5,42.0,0.021
12,30,45,132,0.10170972735387007,0.2031231364552073,0.14591189417069675,1.0649861604071573,1.2875163280134323,0.06682723115574829,0.10606060606060606,0.21212121212121213,28,0.5,42.0,0.021
12,30,50,132,0.0406112561891554,0.07896002619109033,0.12215840498188443,0.35502705789906924,0.3588719629223785,0.06682723115574829,0.09848484848484848,0.20454545454545456,27,0.48148148148148145,42.0,0.021
12,30,55,132,0.05770205165087816,0.11304274664033875,0.09810850113403312,0.7323431186915005,0.7065515318892744,0.057159274709084884,0.06818181818181818,0.14393939393939395,19,0.47368421052631576,28.0,0.014
12,30,60,132,0.0017922942945549636,0.00342444014223231,0.07597241536366914,-0.44403582789095586,-0.26198381894976114,0.045168548480881476,0.030303030303030304,0.07575757575757576,10,0.4,14.0,0.007
13,10,40,132,0.1330796409640571,0.269369636161251,0.14238310398350357,1.4652783601386359,1.3716455132529022,0.0451685484808817,0.10606060606060606,0.18181818181818182,24,0.5833333333333334,40.0,0.02
13,10,45,132,0.08977567893398697,0.17836528553902342,0.1314642523717245,1.0096410389076307,0.860677087727597,0.04516854848088181,0.09848484848484848,0.17424242424242425,23,0.5652173913043478,38.0,0.019
13,10,50,132,0.0725981426228206,0.14316015186722142,0.12908685770342632,0.7907658474682855,0.6327339704783863,0.04516854848088159,0.09090909090909091,0.1590909090909091,21,0.5714285714285714,34.0,0.017
13,10,55,132,0.0542246005850171,0.1060670664440635,0.10560014437289703,0.6279799051279261,0.4790708319551383,0.05524235880524653,0.06060606060606061,0.11363636363636363,15,0.5333333333333333,22.0,0.011
13,10,60,132,-0.028613765277155978,-0.053915174828206514,0.07475290840706036,-1.2392954993684244,-0.5346926749478917,0.07391651284071965,0.022727272727272728,0.06060606060606061,8,0.375,10.0,0.005
13,20,40,132,0.20817357067280318,0.4348032753316684,0.19115271513889986,1.7736911832805258,2.2102835204736873,0.047305076216009545,0.12121212121212122,0.22727272727272727,30,0.5333333333333333,45.0,0.0225
13,20,45,132,0.20817357067280318,0.4348032753316684,0.19115271513889986,1.7736911832805258,2.2102835204736873,0.047305076216009545,0.12121212121212122,0.22727272727272727,30,0.5333333333333333,45.0,0.0225
13,20,50,132,0.04529321012206711,0.08824664741790689,0.1381729322840469,0.39110103730308793,0.3361443875647064,0.047105904174123525,0.09848484848484848,0.19696969696969696,26,0.5,39.0,0.0195
13,20,55,132,0.03569861204719382,0.06925658729493844,0.10685196439459667,0.3049875013981282,0.25679946412367843,0.05715927470908477,0.06060606060606061,0.13636363636363635,18,0.4444444444444444,24.0,0.012
13,20,60,132,-0.028613765277155978,-0.053915174828206514,0.07475290840706036,-1.2392954993684244,-0.5346926749478917,0.07391651284071965,0.022727272727272728,0.06060606060606061,8,0.375,10.0,0.005
13,30,40,132,0.12205328938259297,0.2458916815768033,0.15080563265023342,1.2669854854587672,1.4562458419027042,0.04710590417412319,0.10606060606060606,0.20454545454545456,27,0.5185185185185185,39.0,0.0195
13,30,45,132,0.12205328938259297,0.2458916815768033,0.15080563265023342,1.2669854854587672,1.4562458419027042,0.04710590417412319,0.10606060606060606,0.20454545454545456,27,0.5185185185185185,39.0,0.0195
13,30,50,132,0.059826607667369025,0.11731482892600575,0.1280886160047134,0.6171035439881671,0.6017862203708514,0.057159274709084884,0.09848484848484848,0.19696969696969696,26,0.5,39.0,0.0195
13,30,55,132,0.03569861204719382,0.06925658729493844,0.10685196439459667,0.3049875013981282,0.25679946412367843,0.05715927470908477,0.06060606060606061,0.13636363636363635,18,0.4444444444444444,24.0,0.012
13,30,60,132,-0.028613765277155978,-0.053915174828206514,0.07475290840706036,-1.2392954993684244,-0.5346926749478917,0.07391651284071965,0.022727272727272728,0.06060606060606061,8,0.375,10.0,0.005
14,10,40,132,0.09180744987649203,0.18256299184704128,0.13979554598259555,0.9823641489739355,1.0223756195796547,0.04469089392784553,0.09090909090909091,0.17424242424242425,23,0.5217391304347826,36.0,0.018
14,10,45,132,0.09180744987649203,0.18256299184704128,0.13979554598259555,0.9823641489739355,1.0223756195796547,0.04469089392784553,0.09090909090909091,0.17424242424242425,23,0.5217391304347826,36.0,0.018
14,10,50,132,0.08194618994725089,0.1622557893832388,0.13924006767965025,0.8612519953054367,0.882588608264098,0.04469089392784553,0.08333333333333333,0.16666666666666666,22,0.5,34.0,0.017
14,10,55,132,0.003444640642878971,0.006586427613550994,0.11737162415251626,-0.22700515676259767,-0.17475494406131303,0.05476974367708498,0.05303030303030303,0.12121212121212122,16,0.4375,22.0,0.011
14,10,60,132,-0.034443525830655464,-0.06472525439426591,0.10310594648092317,-0.9858453811291827,-0.6223955328080982,0.07345323946044979,0.03787878787878788,0.09848484848484848,13,0.38461538461538464,16.0,0.008
14,20,40,132,0.17927425744485914,0.3699956831360349,0.2005396864551236,1.4686157580339025,2.055425695034174,0.06230298869945994,0.12121212121212122,0.24242424242424243,32,0.5,42.0,0.021
14,20,45,132,0.17927425744485914,0.3699956831360349,0.2005396864551236,1.4686157580339025,2.055425695034174,0.06230298869945994,0.12121212121212122,0.24242424242424243,32,0.5,42.0,0.021
14,20,50,132,0.05400703896655212,0.10563133744532238,0.1478811828308684,0.48138586256342325,0.514758168039421,0.05481026054856308,0.09848484848484848,0.21212121212121213,28,0.4642857142857143,38.0,0.019
14,20,55,132,-0.008014057542196085,-0.01524381829373156,0.1181302679934331,-0.41040297334790454,-0.3313178391723315,0.05668761851834425,0.05303030303030303,0.13636363636363635,18,0.3888888888888889,22.0,0.011
14,20,60,132,-0.034443525830655464,-0.06472525439426591,0.10310594648092317,-0.9858453811291827,-0.6223955328080982,0.07345323946044979,0.03787878787878788,0.09848484848484848,13,0.38461538461538464,16.0,0.008
14,30,40,132,0.10191570320503107,0.20355259645116308,0.16708459292500874,0.9515279701377508,1.1403070932478527,0.054810260548563194,0.09848484848484848,0.21212121212121213,28,0.4642857142857143,36.0,0.018
14,30,45,132,0.10191570320503107,0.20355259645116308,0.16708459292500874,0.9515279701377508,1.1403070932478527,0.054810260548563194,0.09848484848484848,0.21212121212121213,28,0.4642857142857143,36.0,0.018
14,30,50,132,0.040805809059025755,0.07934516562897742,0.14680897034989587,0.319878646536907,0.3365828351912144,0.05668761851834425,0.09090909090909091,0.20454545454545456,27,0.4444444444444444,36.0,0.018
14,30,55,132,-0.008014057542196085,-0.01524381829373156,0.1181302679934331,-0.41040297334790454,-0.3313178391723315,0.05668761851834425,0.05303030303030303,0.13636363636363635,18,0.3888888888888889,22.0,0.011
14,30,60,132,-0.034443525830655464,-0.06472525439426591,0.10310594648092317,-0.9858453811291827,-0.6223955328080982,0.07345323946044979,0.03787878787878788,0.09848484848484848,13,0.38461538461538464,16.0,0.008
15,10,40,132,0.11372351334403219,0.22829387895360553,0.125636032394051,1.3805919755048062,1.3586520788611616,0.04678818126965367,0.09090909090909091,0.15151515151515152,20,0.6,34.0,0.017
15,10,45,132,0.11372351334403219,0.22829387895360553,0.125636032394051,1.3805919755048062,1.3586520788611616,0.04678818126965367,0.09090909090909091,0.15151515151515152,20,0.6,34.0,0.017
15,10,50,132,0.10366430642468405,0.20720137677238792,0.1250377681196442,1.2479649473925396,1.2038118392242492,0.046788181269653895,0.08333333333333333,0.14393939393939395,19,0.5789473684210527,32.0,0.016
15,10,55,132,0.03272983349132885,0.06341290387933363,0.09944359238454575,0.26518398624080297,0.1645740914999511,0.03861783807881469,0.05303030303030303,0.09090909090909091,12,0.5833333333333334,18.0,0.009
15,10,60,132,0.014937628377959644,0.02871083083366721,0.09631116465668751,-0.07385841841385615,-0.04331944205534906,0.03861783807881469,0.045454545454545456,0.08333333333333333,11,0.5454545454545454,16.0,0.008
15,20,40,132,0.11105474575740049,0.2226809579028901,0.17195704736242082,1.020505288342858,1.2486416707689336,0.06230298869945983,0.10606060606060606,0.20454545454545456,27,0.5185185185185185,40.0,0.02
15,20,45,132,0.11105474575740049,0.2226809579028901,0.17195704736242082,1.020505288342858,1.2486416707689336,0.06230298869945983,0.10606060606060606,0.20454545454545456,27,0.5185185185185185,40.0,0.02
15,20,50,132,0.05133909970881967,0.10029467950505144,0.13213113402071425,0.48572845910866885,0.4788081210619783,0.05433742926319507,0.09090909090909091,0.18181818181818182,24,0.5,36.0,0.018
15,20,55,132,0.01753846992956598,0.03374931613520138,0.10058289418804058,-0.01801956782219039,-0.012331872914272662,0.039234047050817566,0.05303030303030303,0.10606060606060606,14,0.5,20.0,0.01
15,20,60,132,0.014937628377959644,0.02871083083366721,0.09631116465668751,-0.07385841841385615,-0.04331944205534906,0.03861783807881469,0.045454545454545456,0.08333333333333333,11,0.5454545454545454,16.0,0.008
15,30,40,132,0.06191439024834944,0.12152055810144091,0.1317438252784359,0.631867883623649,0.6293382835389949,0.05433742926319507,0.10606060606060606,0.19696969696969696,26,0.5384615384615384,38.0,0.019
15,30,45,132,0.06191439024834944,0.12152055810144091,0.1317438252784359,0.631867883623649,0.6293382835389949,0.05433742926319507,0.10606060606060606,0.19696969696969696,26,0.5384615384615384,38.0,0.019
15,30,50,132,0.06191439024834944,0.12152055810144091,0.1317438252784359,0.631867883623649,0.6293382835389949,0.05433742926319507,0.10606060606060606,0.19696969696969696,26,0.5384615384615384,38.0,0.019
15,30,55,132,0.01753846992956598,0.03374931613520138,0.10058289418804058,-0.01801956782219039,-0.012331872914272662,0.039234047050817566,0.05303030303030303,0.10606060606060606,14,0.5,20.0,0.01
15,30,60,132,0.014937628377959644,0.02871083083366721,0.09631116465668751,-0.07385841841385615,-0.04331944205534906,0.03861783807881469,0.045454545454545456,0.08333333333333333,11,0.5454545454545454,16.0,0.008
16,10,40,132,0.06295347214808089,0.12361653859000454,0.09902347695430185,0.8220382716852106,0.7798468033955913,0.04678818126965367,0.08333333333333333,0.15151515151515152,20,0.55,30.0,0.015
16,10,45,132,0.08651463944603677,0.17164273119836504,0.09631006157751944,1.2772683883595826,1.1732888752326454,0.04678818126965367,0.08333333333333333,0.13636363636363635,18,0.6111111111111112,28.0,0.014
16,10,50,132,0.07771285428873353,0.15358951974201407,0.09547609611831917,1.1248571579562392,0.9676017285324233,0.04678818126965323,0.07575757575757576,0.12121212121212122,16,0.625,24.0,0.012
16,10,55,132,0.0737204608146218,0.14544479909733377,0.09284782753450384,1.0777092296877,0.8443802550568591,0.03861783807881469,0.06818181818181818,0.10606060606060606,14,0.6428571428571429,20.0,0.01
16,10,60,132,0.055222055855551844,0.10806580083330153,0.08959500246994129,0.7431075430903035,0.5481887982123129,0.04141078021916045,0.06060606060606061,0.09848484848484848,13,0.6153846153846154,18.0,0.009
16,20,40,132,0.13102280306283798,0.26497426218266074,0.11551586297324026,1.7459004115140027,2.069080972703464,0.04678818126965367,0.09848484848484848,0.1590909090909091,21,0.6190476190476191,34.0,0.017
16,20,45,132,0.13102280306283798,0.26497426218266074,0.11551586297324026,1.7459004115140027,2.069080972703464,0.04678818126965367,0.09848484848484848,0.1590909090909091,21,0.6190476190476191,34.0,0.017
16,20,50,132,0.12186046013697993,0.2454829554609721,0.11486425042562054,1.6198457310295804,1.8180343874115246,0.04678818126965323,0.09090909090909091,0.14393939393939395,19,0.631578947368421,30.0,0.015
16,20,55,132,0.06797518962715032,0.13377234069194222,0.09315331068267423,0.9644654601244456,0.801812123149288,0.03861783807881469,0.06818181818181818,0.11363636363636363,15,0.6,22.0,0.011
16,20,60,132,0.055222055855551844,0.10806580083330153,0.08959500246994129,0.7431075430903035,0.5481887982123129,0.04141078021916045,0.06060606060606061,0.09848484848484848,13,0.6153846153846154,18.0,0.009
16,30,40,132,0.13314511635688575,0.2695096734838016,0.11433727449809858,1.7940536586279383,2.067997290740104,0.03861783807881469,0.10606060606060606,0.1590909090909091,21,0.6666666666666666,32.0,0.016
16,30,45,132,0.13314511635688575,0.2695096734838016,0.11433727449809858,1.7940536586279383,2.067997290740104,0.03861783807881469,0.10606060606060606,0.1590909090909091,21,0.6666666666666666,32.0,0.016
16,30,50,132,0.13314511635688575,0.2695096734838016,0.11433727449809858,1.7940536586279383,2.067997290740104,0.03861783807881469,0.10606060606060606,0.1590909090909091,21,0.6666666666666666,32.0,0.016
16,30,55,132,0.06797518962715032,0.13377234069194222,0.09315331068267423,0.9644654601244456,0.801812123149288,0.03861783807881469,0.06818181818181818,0.11363636363636363,15,0.6,22.0,0.011
16,30,60,132,0.055222055855551844,0.10806580083330153,0.08959500246994129,0.7431075430903035,0.5481887982123129,0.04141078021916045,0.06060606060606061,0.09848484848484848,13,0.6153846153846154,18.0,0.009
17,10,40,132,0.05737191137053843,0.11237959629374217,0.06741782902324017,1.0199010087914646,1.1396984495586122,0.0327992255799644,0.07575757575757576,0.13636363636363635,18,0.5555555555555556,32.0,0.016
17,10,45,132,0.09170544775603484,0.18235208261182922,0.0618175427266931,2.0938315460949126,3.4444265705725003,0.013174853237899908,0.07575757575757576,0.11363636363636363,15,0.6666666666666666,28.0,0.014
17,10,50,132,0.09273121562276576,0.18447387301890772,0.061790900214802796,2.1237437883165504,3.3342364203448316,0.01317485323790002,0.07575757575757576,0.10606060606060606,14,0.7142857142857143,26.0,0.013
17,10,55,132,0.030288661481225887,0.05861917708267517,0.036121270673312326,0.48770343696331153,0.41380341149162836,0.013174853237899686,0.05303030303030303,0.08333333333333333,11,0.6363636363636364,20.0,0.01
17,10,60,132,0.01168443224294391,0.022425074495520114,0.03074084534709189,-0.5645399456595042,-0.38453050049869114,0.013174853237899686,0.03787878787878788,0.06818181818181818,9,0.5555555555555556,16.0,0.008
17,20,40,132,0.10522037020911323,0.21045281085137768,0.0799411657800595,1.9285473676799672,4.1690243778733835,0.013174853237899797,0.08333333333333333,0.12878787878787878,17,0.6470588235294118,32.0,0.016
17,20,45,132,0.10522037020911323,0.21045281085137768,0.0799411657800595,1.9285473676799672,4.1690243778733835,0.013174853237899797,0.08333333333333333,0.12878787878787878,17,0.6470588235294118,32.0,0.016
17,20,50,132,0.10625883671465952,0.21262502943166095,0.07991834692275673,1.9515274061862051,4.060944602805511,0.013174853237899686,0.08333333333333333,0.12121212121212122,16,0.6875,30.0,0.015
17,20,55,132,0.024775785478940993,0.0478315002593257,0.03680799041826053,0.20095250324998118,0.17693724075828793,0.01666073663520118,0.05303030303030303,0.09090909090909091,12,0.5833333333333334,22.0,0.011
17,20,60,132,0.01168443224294391,0.022425074495520114,0.03074084534709189,-0.5645399456595042,-0.38453050049869114,0.013174853237899686,0.03787878787878788,0.06818181818181818,9,0.5555555555555556,16.0,0.008
17,30,40,132,0.11720235362900522,0.23562891284825715,0.08529113719614022,2.0541513373441176,4.561863224001841,0.013174853237899686,0.08333333333333333,0.12121212121212122,16,0.6875,30.0,0.015
17,30,45,132,0.11720235362900522,0.23562891284825715,0.08529113719614022,2.0541513373441176,4.561863224001841,0.013174853237899686,0.08333333333333333,0.12121212121212122,16,0.6875,30.0,0.015
17,30,50,132,0.11720235362900522,0.23562891284825715,0.08529113719614022,2.0541513373441176,4.561863224001841,0.013174853237899686,0.08333333333333333,0.12121212121212122,16,0.6875,30.0,0.015
17,30,55,132,0.024775785478940993,0.0478315002593257,0.03680799041826053,0.20095250324998118,0.17693724075828793,0.01666073663520118,0.05303030303030303,0.09090909090909091,12,0.5833333333333334,22.0,0.011
17,30,60,132,0.01168443224294391,0.022425074495520114,0.03074084534709189,-0.5645399456595042,-0.38453050049869114,0.013174853237899686,0.03787878787878788,0.06818181818181818,9,0.5555555555555556,16.0,0.008
18,10,40,132,0.05883544854211653,0.1153208246898978,0.06879090243006813,1.0392888456875327,1.1901244490227842,0.032315383271599996,0.07575757575757576,0.13636363636363635,18,0.5555555555555556,34.0,0.017
18,10,45,132,0.09321650690752481,0.18547832434731015,0.0633017100963679,2.0879313783312736,3.371498308557772,0.013174853237899575,0.07575757575757576,0.11363636363636363,15,0.6666666666666666,30.0,0.015
18,10,50,132,0.07839577104344997,0.15498546274782488,0.06040997819024012,1.7533325469694363,2.6456840526436403,0.013174853237899575,0.06818181818181818,0.10606060606060606,14,0.6428571428571429,28.0,0.014
18,10,55,132,0.023532389985063018,0.04540567843464549,0.03705175200793021,0.13730205142190133,0.11872821275686361,0.013174853237899575,0.045454545454545456,0.08333333333333333,11,0.5454545454545454,22.0,0.011
18,10,60,132,-0.006117879907692636,-0.011647103645845536,0.019435031401674914,-2.6512813442394965,-1.1052658376931341,0.01833447270575994,0.015151515151515152,0.03787878787878788,5,0.4,10.0,0.005
18,20,40,132,0.05377195277137803,0.10516060239897751,0.04918699317711805,1.2442846338138607,1.5950506390135528,0.013174853237899908,0.06818181818181818,0.11363636363636363,15,0.6,30.0,0.015
18,20,45,132,0.05377195277137803,0.10516060239897751,0.04918699317711805,1.2442846338138607,1.5950506390135528,0.013174853237899908,0.06818181818181818,0.11363636363636363,15,0.6,30.0,0.015
18,20,50,132,0.042780867468920514,0.08325872221068176,0.04504281860797546,0.9099456361440825,1.00169697816625,0.013174853237899908,0.06060606060606061,0.09848484848484848,13,0.6153846153846154,26.0,0.013
18,20,55,132,0.023532389985063018,0.04540567843464549,0.03705175200793021,0.13730205142190133,0.11872821275686361,0.013174853237899575,0.045454545454545456,0.08333333333333333,11,0.5454545454545454,22.0,0.011
18,20,60,132,-0.006117879907692636,-0.011647103645845536,0.019435031401674914,-2.6512813442394965,-1.1052658376931341,0.01833447270575994,0.015151515151515152,0.03787878787878788,5,0.4,10.0,0.005
18,30,40,132,0.053096437100880634,0.10380848553481714,0.05416807506688784,1.1118094083237329,1.4718688199411891,0.013174853237899908,0.06060606060606061,0.09848484848484848,13,0.6153846153846154,26.0,0.013
18,30,45,132,0.053096437100880634,0.10380848553481714,0.05416807506688784,1.1118094083237329,1.4718688199411891,0.013174853237899908,0.06060606060606061,0.09848484848484848,13,0.6153846153846154,26.0,0.013
18,30,50,132,0.053096437100880634,0.10380848553481714,0.05416807506688784,1.1118094083237329,1.4718688199411891,0.013174853237899908,0.06060606060606061,0.09848484848484848,13,0.6153846153846154,26.0,0.013
18,30,55,132,0.023532389985063018,0.04540567843464549,0.03705175200793021,0.13730205142190133,0.11872821275686361,0.013174853237899575,0.045454545454545456,0.08333333333333333,11,0.5454545454545454,22.0,0.011
18,30,60,132,-0.006117879907692636,-0.011647103645845536,0.019435031401674914,-2.6512813442394965,-1.1052658376931341,0.01833447270575994,0.015151515151515152,0.03787878787878788,5,0.4,10.0,0.005
19,10,40,132,0.11460189164757528,0.23014395154239997,0.08601237032721579,1.986249245438303,2.802812586531538,0.019254592165843798,0.12121212121212122,0.18181818181818182,24,0.6666666666666666,42.0,0.021
19,10,45,132,0.10955890045087968,0.21954026758254153,0.08580776796324371,1.8898089772143458,2.6249073003348435,0.01925459216584391,0.11363636363636363,0.17424242424242425,23,0.6521739130434783,40.0,0.02
19,10,50,132,0.05668651295942184,0.11100344251936267,0.06840912448584067,0.9880189752420392,1.0791853165776477,0.025741689237336773,0.09848484848484848,0.1590909090909091,21,0.6190476190476191,38.0,0.019
19,10,55,132,-0.003466450440288704,-0.006607340576756271,0.04833357121573039,-0.9407526512673507,-0.6993228970550209,0.031952952562401604,0.06818181818181818,0.12878787878787878,17,0.5294117647058824,34.0,0.017
19,10,60,132,-0.02172869649711573,-0.041072080555738855,0.03347063617003328,-2.431316533149088,-1.147008050679695,0.033753404376777874,0.03787878787878788,0.07575757575757576,10,0.5,20.0,0.01
19,20,40,132,0.06884969756672454,0.1355453730931282,0.07609573795727125,1.1825442984642156,1.4641543132489307,0.01925459216584402,0.09848484848484848,0.16666666666666666,22,0.5909090909090909,38.0,0.019
19,20,45,132,0.06884969756672454,0.1355453730931282,0.07609573795727125,1.1825442984642156,1.4641543132489307,0.01925459216584402,0.09848484848484848,0.16666666666666666,22,0.5909090909090909,38.0,0.019
19,20,50,132,0.02114370679445776,0.04075295273481716,0.0551076643138911,0.026322041854535613,0.022515209964392664,0.025741689237336773,0.08333333333333333,0.14393939393939395,19,0.5789473684210527,34.0,0.017
19,20,55,132,-0.003466450440288704,-0.006607340576756271,0.04833357121573039,-0.9407526512673507,-0.6993228970550209,0.031952952562401604,0.06818181818181818,0.12878787878787878,17,0.5294117647058824,34.0,0.017
19,20,60,132,-0.02172869649711573,-0.041072080555738855,0.03347063617003328,-2.431316533149088,-1.147008050679695,0.033753404376777874,0.03787878787878788,0.07575757575757576,10,0.5,20.0,0.01
19,30,40,132,0.06764965201983597,0.13311266224780605,0.07941683716839909,1.1091899283157902,1.386946422640681,0.01925459216584413,0.09848484848484848,0.1590909090909091,21,0.6190476190476191,36.0,0.018
19,30,45,132,0.06764965201983597,0.13311266224780605,0.07941683716839909,1.1091899283157902,1.386946422640681,0.01925459216584413,0.09848484848484848,0.1590909090909091,21,0.6190476190476191,36.0,0.018
19,30,50,132,0.030748164771495334,0.05952071522155222,0.06284255574394566,0.31457066698634606,0.31125278246758253,0.02621129000703537,0.09090909090909091,0.15151515151515152,20,0.6,36.0,0.018
19,30,55,132,-0.003466450440288704,-0.006607340576756271,0.04833357121573039,-0.9407526512673507,-0.6993228970550209,0.031952952562401604,0.06818181818181818,0.12878787878787878,17,0.5294117647058824,34.0,0.017
19,30,60,132,-0.02172869649711573,-0.041072080555738855,0.03347063617003328,-2.431316533149088,-1.147008050679695,0.033753404376777874,0.03787878787878788,0.07575757575757576,10,0.5,20.0,0.01
20,10,40,132,0.051339672456402585,0.10029582384794988,0.0689097020419268,0.8406023961258053,0.8906750081443834,0.022993881515506853,0.08333333333333333,0.13636363636363635,18,0.6111111111111112,30.0,0.015
20,10,45,132,0.046582909747972856,0.09081141418694516,0.06859703068782778,0.7178728395363088,0.7443046002902036,0.022993881515506964,0.07575757575757576,0.12878787878787878,17,0.5882352941176471,28.0,0.014
20,10,50,132,-0.0032480547621852596,-0.006191676079882136,0.04403691909515157,-1.0275046513247135,-0.6720049438039271,0.029456245223177135,0.06060606060606061,0.11363636363636363,15,0.5333333333333333,26.0,0.013
20,10,55,132,-0.012126094991773972,-0.023022172082935666,0.0422790036203621,-1.4759691726474802,-0.8755969612593567,0.03195295256240238,0.045454545454545456,0.09090909090909091,12,0.5,24.0,0.012
20,10,60,132,-0.02170853053352706,-0.0410343427793477,0.03198157833642173,-2.544799415757605,-1.0587683766408562,0.02170853053352706,0.030303030303030304,0.06060606060606061,8,0.5,16.0,0.008
20,20,40,132,0.04055940648105594,0.0788573948686615,0.06982167983372967,0.5486121520762397,0.6053790227228746,0.02250513408254806,0.08333333333333333,0.15151515151515152,20,0.55,30.0,0.015
20,20,45,132,0.04055940648105594,0.0788573948686615,0.06982167983372967,0.5486121520762397,0.6053790227228746,0.02250513408254806,0.08333333333333333,0.15151515151515152,20,0.55,30.0,0.015
20,20,50,132,-0.005843499771456151,-0.01112613578431565,0.0456840371259798,-1.097808407403013,-0.7518024346892243,0.02897073058847166,0.06818181818181818,0.12878787878787878,17,0.5294117647058824,26.0,0.013
20,20,55,132,-0.017247543959493905,-0.03266885195055891,0.043237550321217524,-1.6717799138060871,-1.045874164791616,0.03195295256240238,0.05303030303030303,0.10606060606060606,14,0.5,26.0,0.013
20,20,60,132,-0.0267803011421317,-0.05050317045886166,0.03321585196410993,-2.7477200982059307,-1.2496496014877,0.0267803011421317,0.03787878787878788,0.07575757575757576,10,0.5,18.0,0.009
20,30,40,132,0.023973225170785817,0.04626542636333708,0.065655426738274,0.11185718548631508,0.10731079200139873,0.01925459216584391,0.07575757575757576,0.12878787878787878,17,0.5882352941176471,26.0,0.013
20,30,45,132,0.023973225170785817,0.04626542636333708,0.065655426738274,0.11185718548631508,0.10731079200139873,0.01925459216584391,0.07575757575757576,0.12878787878787878,17,0.5882352941176471,26.0,0.013
20,30,50,132,-0.011418660959459204,-0.021686077840657236,0.043688354456397675,-1.3957014577967974,-0.8909782519222783,0.026211290007035593,0.06818181818181818,0.12121212121212122,16,0.5625,26.0,0.013
20,30,55,132,-0.017247543959493905,-0.03266885195055891,0.043237550321217524,-1.6717799138060871,-1.045874164791616,0.03195295256240238,0.05303030303030303,0.10606060606060606,14,0.5,26.0,0.013
20,30,60,132,-0.0267803011421317,-0.05050317045886166,0.03321585196410993,-2.7477200982059307,-1.2496496014877,0.0267803011421317,0.03787878787878788,0.07575757575757576,10,0.5,18.0,0.009
21,10,40,132,0.04791635086562507,0.09346619040669402,0.07518064390867459,0.6935199649571784,0.7278072135543356,0.027342986390637924,0.08333333333333333,0.13636363636363635,18,0.6111111111111112,28.0,0.014
21,10,45,132,0.043175076898759324,0.08404065131484773,0.07489147523206958,0.5802738154804601,0.597084802433637,0.027342986390638035,0.07575757575757576,0.12878787878787878,17,0.5882352941176471,26.0,0.013
21,10,50,132,-0.029585496587567706,-0.0557211567979542,0.041093191513414715,-2.347985597660249,-1.2839702827165909,0.04094433925966878,0.05303030303030303,0.10606060606060606,14,0.5,22.0,0.011
21,10,55,132,-0.02707390965848011,-0.051049957642395505,0.039772897402368466,-2.3032144516257067,-1.138905623049719,0.0384621508202827,0.045454545454545456,0.08333333333333333,11,0.5454545454545454,22.0,0.011
21,10,60,132,-0.011676397637996105,-0.02217295252409701,0.029547729148420573,-2.097844635149091,-0.8414255273383788,0.023244868913804173,0.03787878787878788,0.06060606060606061,8,0.625,16.0,0.008
21,20,40,132,0.022771019460534614,0.04392159245829874,0.06878409222664435,0.07719890725826842,0.07406707793168747,0.03481137517137789,0.08333333333333333,0.14393939393939395,19,0.5789473684210527,26.0,0.013
21,20,45,132,0.022771019460534614,0.04392159245829874,0.06878409222664435,0.07719890725826842,0.07406707793168747,0.03481137517137789,0.08333333333333333,0.14393939393939395,19,0.5789473684210527,26.0,0.013
21,20,50,132,-0.025926189234598107,-0.048911704982213644,0.04395167576453426,-2.0290927728226236,-1.2269804606881078,0.04096192254312736,0.06818181818181818,0.12878787878787878,17,0.5294117647058824,24.0,0.012
21,20,55,132,-0.032117864454518696,-0.06041989113260471,0.040762082140895994,-2.489732342049015,-1.3139881434466827,0.0434470653930229,0.05303030303030303,0.09848484848484848,13,0.5384615384615384,24.0,0.012
21,20,60,132,-0.01680017797820854,-0.03182801758633502,0.030904251777764277,-2.3254957844294846,-1.0277567757984318,0.028308674661132516,0.045454545454545456,0.07575757575757576,10,0.6,18.0,0.009
21,30,40,132,0.011850944802107133,0.022746361026608986,0.06522294951343738,-0.2364255806782106,-0.20965601184765942,0.034371297011686286,0.09090909090909091,0.14393939393939395,19,0.631578947368421,26.0,0.013
21,30,45,132,0.011850944802107133,0.022746361026608986,0.06522294951343738,-0.2364255806782106,-0.20965601184765942,0.034371297011686286,0.09090909090909091,0.14393939393939395,19,0.631578947368421,26.0,0.013
21,30,50,132,-0.023121955405556394,-0.04367765710469984,0.04289094100456272,-1.9524007401408034,-1.138536503523008,0.034371297011686175,0.08333333333333333,0.13636363636363635,18,0.6111111111111112,26.0,0.013
21,30,55,132,-0.032117864454518696,-0.06041989113260471,0.040762082140895994,-2.489732342049015,-1.3139881434466827,0.0434470653930229,0.05303030303030303,0.09848484848484848,13,0.5384615384615384,24.0,0.012
21,30,60,132,-0.01680017797820854,-0.03182801758633502,0.030904251777764277,-2.3254957844294846,-1.0277567757984318,0.028308674661132516,0.045454545454545456,0.07575757575757576,10,0.6,18.0,0.009
22,10,40,132,0.07716951369992886,0.15247945716940725,0.08412776552206522,1.2527736891906005,1.6928884279572067,0.027342986390637813,0.08333333333333333,0.12121212121212122,16,0.6875,24.0,0.012
22,10,45,132,0.07656684035436268,0.15124877114434176,0.08411941769215628,1.2401810770094455,1.6408197794273054,0.027342986390637813,0.07575757575757576,0.11363636363636363,15,0.6666666666666666,22.0,0.011
22,10,50,132,-0.01035623545251596,-0.019677896083048263,0.035252765605064955,-1.6808824154477022,-0.8926036876568451,0.03432853944109826,0.05303030303030303,0.09090909090909091,12,0.5833333333333334,18.0,0.009
22,10,55,132,-0.009632143796695858,-0.018308104592671404,0.030598162640692407,-1.8959157598297443,-0.7848965134585923,0.02933220182179297,0.03787878787878788,0.06060606060606061,8,0.625,14.0,0.007
22,10,60,132,-0.0061097661800655345,-0.011631699919048,0.020360228996831632,-2.5291360423367717,-0.9479222065380217,0.015853712387568164,0.030303030303030304,0.045454545454545456,6,0.6666666666666666,12.0,0.006
22,20,40,132,0.0035586032068912754,0.006804684971113639,0.09350155584278509,-0.3094039575697475,-0.2453053462903437,0.062439512161181154,0.07575757575757576,0.13636363636363635,18,0.5555555555555556,28.0,0.014
22,20,45,132,0.0035586032068912754,0.006804684971113639,0.09350155584278509,-0.3094039575697475,-0.2453053462903437,0.062439512161181154,0.07575757575757576,0.13636363636363635,18,0.5555555555555556,28.0,0.014
22,20,50,132,-0.052933836312922256,-0.09862006805561707,0.05302788442409956,-2.6852763358464844,-1.2080534729595107,0.06841400258304864,0.05303030303030303,0.10606060606060606,14,0.5,22.0,0.011
22,20,55,132,-0.044067021432195985,-0.08244055030300268,0.051378699857963374,-2.427004227851349,-0.9678160128580103,0.06406222449734533,0.045454545454545456,0.08333333333333333,11,0.5454545454545454,18.0,0.009
22,20,60,132,-0.011262405688223898,-0.02139084931808377,0.022301850784333433,-2.752011558812752,-1.1534948500958901,0.022614002632031838,0.03787878787878788,0.06060606060606061,8,0.625,14.0,0.007
22,30,40,132,-0.02071012456486465,-0.039165081635219146,0.08908947000319481,-0.8537158460240113,-0.661238851976457,0.06046322821819283,0.07575757575757576,0.15151515151515152,20,0.5,27.0,0.0135
22,30,45,132,-0.01871446998672044,-0.03542353148044419,0.08905075331418087,-0.8104877698373647,-0.6145286891050712,0.06046322821819283,0.07575757575757576,0.14393939393939395,19,0.5263157894736842,27.0,0.0135
22,30,50,132,-0.04648617093329854,-0.08686843383457787,0.05394844604215929,-2.3985418917301877,-1.1478390520145674,0.06046322821819283,0.06818181818181818,0.12878787878787878,17,0.5294117647058824,25.0,0.0125
22,30,55,132,-0.044067021432195985,-0.08244055030300268,0.051378699857963374,-2.427004227851349,-0.9678160128580103,0.06406222449734533,0.045454545454545456,0.08333333333333333,11,0.5454545454545454,18.0,0.009
22,30,60,132,-0.011262405688223898,-0.02139084931808377,0.022301850784333433,-2.752011558812752,-1.1534948500958901,0.022614002632031838,0.03787878787878788,0.06060606060606061,8,0.625,14.0,0.007
23,10,40,132,0.05653460427550305,0.11069854768184628,0.09410038393035351,0.7368631762161685,0.7510736378351714,0.041682553394740696,0.10606060606060606,0.16666666666666666,22,0.6363636363636364,34.0,0.017
23,10,45,132,0.05594347610434114,0.10951247779384232,0.09409128185988501,0.7255652733286184,0.7278745238363289,0.04168255339474025,0.09848484848484848,0.1590909090909091,21,0.6190476190476191,32.0,0.016
23,10,50,132,-0.03408593818166694,-0.06406388552577547,0.05012275122977865,-2.09371351063017,-1.064213254974793,0.056428227985164225,0.06818181818181818,0.12121212121212122,16,0.5625,26.0,0.013
23,10,55,132,-0.03536940359340368,-0.06643665802688026,0.04734659854664513,-2.27290855928697,-0.9689783152480907,0.049720645056181234,0.05303030303030303,0.09090909090909091,12,0.5833333333333334,20.0,0.01
23,10,60,132,-0.0021925061101426557,-0.004181521769986873,0.020015724024501365,-2.1978461633865987,-0.8322100918960847,0.008534322394073257,0.030303030303030304,0.045454545454545456,6,0.6666666666666666,10.0,0.005
23,20,40,132,0.008604306069856626,0.016490630237431025,0.10680881543886986,-0.16877615197825746,-0.14163532241021426,0.04465659124887145,0.11363636363636363,0.1893939393939394,25,0.6,38.0,0.019
23,20,45,132,0.008604306069856626,0.016490630237431025,0.10680881543886986,-0.16877615197825746,-0.14163532241021426,0.04465659124887145,0.11363636363636363,0.1893939393939394,25,0.6,38.0,0.019
23,20,50,132,-0.0646429611867756,-0.11977590219738565,0.0697169615130514,-2.3682842510817643,-1.2815599905698976,0.0646429611867756,0.08333333333333333,0.15151515151515152,20,0.55,32.0,0.016
23,20,55,132,-0.06405718034282004,-0.11872321044824097,0.062006942184396924,-2.6516080965582827,-1.1510858562383712,0.06405718034282004,0.05303030303030303,0.09848484848484848,13,0.5384615384615384,22.0,0.011
23,20,60,132,-0.0021925061101426557,-0.004181521769986873,0.020015724024501365,-2.1978461633865987,-0.8322100918960847,0.008534322394073257,0.030303030303030304,0.045454545454545456,6,0.6666666666666666,10.0,0.005
23,30,40,132,-0.030037571483182868,-0.05656078691197841,0.10151949896022332,-0.9174808947356177,-0.7659351257837544,0.05891133835597462,0.09848484848484848,0.19696969696969696,26,0.5,38.0,0.019
23,30,45,132,-0.028060924925658703,-0.05288697670142006,0.10148813795876097,-0.8795082532280465,-0.7229410976359248,0.05699353246094818,0.09848484848484848,0.1893939393939394,25,0.52,38.0,0.019
23,30,50,132,-0.06671118187377967,-0.12348785612334379,0.06973003274735814,-2.428401480057575,-1.357999455576016,0.06671118187377967,0.08333333333333333,0.1590909090909091,21,0.5238095238095238,34.0,0.017
23,30,55,132,-0.06405718034282004,-0.11872321044824097,0.062006942184396924,-2.6516080965582827,-1.1510858562383712,0.06405718034282004,0.05303030303030303,0.09848484848484848,13,0.5384615384615384,22.0,0.011
23,30,60,132,-0.0021925061101426557,-0.004181521769986873,0.020015724024501365,-2.1978461633865987,-0.8322100918960847,0.008534322394073257,0.030303030303030304,0.045454545454545456,6,0.6666666666666666,10.0,0.005
24,10,40,132,0.07832486439625752,0.15484048581023724,0.09464758087999377,1.145113460115931,1.1232530897124013,0.04168255339474014,0.09848484848484848,0.15151515151515152,20,0.65,30.0,0.015
24,10,45,132,0.07832486439625752,0.15484048581023724,0.09464758087999377,1.145113460115931,1.1232530897124013,0.04168255339474014,0.09848484848484848,0.15151515151515152,20,0.65,30.0,0.015
24,10,50,132,-0.013612780135429103,-0.025827163948676457,0.05169960797143768,-1.2539713895504645,-0.6345112836471065,0.05642822798516389,0.06818181818181818,0.11363636363636363,15,0.6,24.0,0.012
24,10,55,132,-0.01117773510598341,-0.021230855101098678,0.049402723222934375,-1.2193312831481278,-0.5284143340637485,0.049720645056181234,0.06060606060606061,0.09090909090909091,12,0.6666666666666666,20.0,0.01
24,10,60,132,0.014311046987601106,0.027498737201333334,0.020663630724968997,-0.6126716705094828,-0.2978985250645241,0.0069829512184135245,0.030303030303030304,0.03787878787878788,5,0.8,8.0,0.004
24,20,40,132,0.061550235277147314,0.12078644515330517,0.09930356972099505,0.7944295698158729,0.7392193633855189,0.044656591248871114,0.11363636363636363,0.17424242424242425,23,0.6521739130434783,34.0,0.017
24,20,45,132,0.061550235277147314,0.12078644515330517,0.09930356972099505,0.7944295698158729,0.7392193633855189,0.044656591248871114,0.11363636363636363,0.17424242424242425,23,0.6521739130434783,34.0,0.017
24,20,50,132,-0.015542092528461837,-0.029461553143848462,0.05854508641932727,-1.1647964519933105,-0.6554295646900252,0.05110283782423253,0.08333333333333333,0.13636363636363635,18,0.6111111111111112,28.0,0.014
24,20,55,132,-0.01117773510598341,-0.021230855101098678,0.049402723222934375,-1.2193312831481278,-0.5284143340637485,0.049720645056181234,0.06060606060606061,0.09090909090909091,12,0.6666666666666666,20.0,0.01
24,20,60,132,0.014311046987601106,0.027498737201333334,0.020663630724968997,-0.6126716705094828,-0.2978985250645241,0.0069829512184135245,0.030303030303030304,0.03787878787878788,5,0.8,8.0,0.004
24,30,40,132,0.020879881243244025,0.04023967403238049,0.09390155896084865,0.040193925898454046,0.037320481187811304,0.05891133835597451,0.09848484848484848,0.18181818181818182,24,0.5416666666666666,34.0,0.017
24,30,45,132,0.022960290384442805,0.0442904311801362,0.09385162271138077,0.08158429104448113,0.0743755930918982,0.05699353246094796,0.09848484848484848,0.17424242424242425,23,0.5652173913043478,34.0,0.017
24,30,50,132,-0.017718882914623313,-0.03355436769765807,0.0585885899470628,-1.2360092938201717,-0.72420997796529,0.0532009978414395,0.08333333333333333,0.14393939393939395,19,0.5789473684210527,30.0,0.015
24,30,55,132,-0.01117773510598341,-0.021230855101098678,0.049402723222934375,-1.2193312831481278,-0.5284143340637485,0.049720645056181234,0.06060606060606061,0.09090909090909091,12,0.6666666666666666,20.0,0.01
24,30,60,132,0.014311046987601106,0.027498737201333334,0.020663630724968997,-0.6126716705094828,-0.2978985250645241,0.0069829512184135245,0.030303030303030304,0.03787878787878788,5,0.8,8.0,0.004
