date,market_return,baseline_position,baseline_return,baseline_equity,earnings_position,earnings_return,earnings_equity,benchmark_equity
2022-01-03,0.0250042236864334,0.5,0.0125021118432167,1.0125021118432167,0.5,0.0125021118432167,1.0125021118432167,1.0250042236864334
2022-01-04,-0.0126916103510795,0.5,-0.00634580517553975,1.006076970701637,0.5,-0.00634580517553975,1.006076970701637,1.0119952694711944
2022-01-05,-0.0265998887033945,0.5,-0.01329994435169725,0.9926962029777812,0.5,-0.01329994435169725,0.9926962029777812,0.985076307934899
2022-01-06,-0.0166933455293848,0.5,-0.0083466727646924,0.984410492616773,0.5,-0.0083466727646924,0.984410492616773,0.968632088753731
2022-01-07,0.0009883720930232,0.5,0.0004941860465116,0.9848969745462638,0.5,0.0004941860465116,0.9848969745462638,0.969589457678662
2022-01-10,0.0001161642562583,-1.0,-0.0008661642562583001,0.9840438919908149,-1.0,-0.0008661642562583001,0.9840438919908149,0.9697020893168892
2022-01-11,0.0167837853533887,0.5,0.00764189267669435,0.9915638498025653,0.5,0.00764189267669435,0.9915638498025653,0.9859773610407164
2022-01-12,0.0025702535983549,0.5,0.00128512679917745,0.9928381350790421,0.5,0.00128512679917745,0.9928381350790421,0.9885115729008278
2022-01-13,-0.0190280863670028,-1.0,0.0182780863670028,1.010985316260471,-1.0,0.0182780863670028,1.010985316260471,0.9697020893168891
2022-01-14,0.0051106336024158,-1.0,-0.0051106336024158,1.0058185407316411,-1.0,-0.0051106336024158,1.0058185407316411,0.9746578813988848
2022-01-18,-0.0188940890968971,-1.0,0.0188940890968971,1.0248225658555359,-1.0,0.0188940890968971,1.0248225658555359,0.9562426085487413
2022-01-19,-0.0210247349823322,0.5,-0.011262367491166101,1.0132806375056311,0.5,-0.011262367491166101,1.0132806375056311,0.93613786112519
2022-01-20,-0.0103471094266979,0.5,-0.00517355471334895,1.0080383746875188,0.5,-0.00517355471334895,1.0080383746875188,0.9264515402376527
2022-01-21,-0.0127651814479362,0.5,-0.0063825907239681,1.0016044783078344,0.5,-0.0063825907239681,1.0016044783078344,0.9146252182237992
2022-01-24,-0.0048642324979988,0.5,-0.0024321162489994,0.9991684597810713,0.5,-0.0024321162489994,0.9991684597810713,0.9101762685138257
2022-01-25,-0.0113847296126716,0.5,-0.0056923648063358,0.9934808284050127,0.5,-0.0056923648063358,0.9934808284050127,0.8998141577969254
2022-01-26,-0.0005632745024408,0.5,-0.0002816372512204,0.9932010271953605,0.5,-0.0002816372512204,0.9932010271953605,0.8993073154249032
2022-01-27,-0.002943202454756,0.5,-0.001471601227378,0.9917394313447068,0.5,-0.001471601227378,0.9917394313447068,0.8966604719265646
2022-01-28,0.0697776661223466,0.5,0.0348888330611733,1.0263400628050754,0.5,0.0348888330611733,1.0263400628050754,0.9592273469617622
2022-01-31,0.0261257558856335,0.5,0.01306287794281675,1.039747017773321,1.0,0.0258757558856335,1.0528973877258654,0.9842878864673091
2022-02-01,-0.0009726513331044,0.5,-0.0004863256665522,1.0392413621118568,1.0,-0.0009726513331044,1.0518732856780717,0.9833305175423782
2022-02-02,0.0070442700876238,0.5,0.0035221350438119,1.0429017105323297,1.0,0.0070442700876238,1.0592829652003444,0.9902573632933497
2022-02-03,-0.0167197452229299,0.5,-0.00835987261146495,1.0341831850860006,0.5,-0.008609872611464951,1.0501626738104746,0.9737005124739546
2022-02-04,-0.0029496818970504,0.5,-0.0014748409485252,1.0326579293763596,0.5,-0.0014748409485252,1.0486138508965261,0.9708284056991615
2022-02-07,-0.0042345843726433,1.0,-0.0044845843726433006,1.0280268877639922,1.0,-0.0044845843726433006,1.0439112536078583,0.9667173509038696
2022-02-08,0.0184667365722941,0.5,0.008983368286147049,1.0372620319048378,0.5,0.008983368286147049,1.0532890928570713,0.9845694655628774
2022-02-09,0.0082937710919177,0.5,0.00414688554595885,1.0415634388323158,0.5,0.00414688554595885,1.0576569621719563,0.9927352593343477
2022-02-10,-0.023598820058997,0.5,-0.0117994100294985,1.0292736047457989,0.5,-0.0117994100294985,1.0451772340047356,0.9693078785830946
2022-02-11,-0.0202184522426215,0.5,-0.01010922612131075,1.018868445134727,0.5,-0.01010922612131075,1.0346113010093356,0.9497099735315655
2022-02-14,0.0014231499051233,0.5,0.00071157495256165,1.0195934464002403,0.5,0.00071157495256165,1.035347504496771,0.9510615531902916
2022-02-15,0.0231525343439127,0.5,0.01157626717195635,1.0313965325425452,0.5,0.01157626717195635,1.047332963824644,0.9730810384637049
2022-02-16,-0.0013889692690548,0.5,-0.0006944846345274,1.0306802434985896,0.5,-0.0006944846345274,1.0466056071740337,0.9717294588049787
2022-02-17,-0.0212691973341061,0.5,-0.01063459866705305,1.0197193727549214,0.5,-0.01063459866705305,1.0354753765790505,0.9510615531902915
2022-02-18,-0.0093557555660823,-1.0,0.008605755566082299,1.028494828422849,-1.0,0.008605755566082299,1.0443864245645869,0.9421636537703446
2022-02-22,-0.0178123132098028,0.5,-0.0096561566049014,1.0185635212922668,0.5,-0.0096561566049014,1.0343016656929582,0.925381539674495
2022-02-23,-0.0258641674780915,0.5,-0.01293208373904575,1.005391372541378,0.5,-0.01293208373904575,1.0209259899407823,0.9014473165512197
2022-02-24,0.0166802024114451,0.5,0.00834010120572255,1.0137764383397332,0.5,0.00834010120572255,1.0294406160204408,0.9164836402545481
2022-02-25,0.0129654663881035,0.5,0.00648273319405175,1.0203484805079057,0.5,0.00648273319405175,1.0361142048732217,0.9283662780875153
2022-02-28,0.0016378525932667,0.5,0.00081892629663335,1.0211840707103235,0.5,0.00081892629663335,1.0369627060419078,0.9298868052035824
2022-03-01,-0.0116279069767443,-1.0,0.0108779069767443,1.0322924160376434,-1.0,0.0108779069767443,1.0482426898965849,0.9190741679337732
2022-03-02,0.0205882352941177,-1.0,-0.0205882352941177,1.0110393368839272,-1.0,-0.0205882352941177,1.0266612227516552,0.9379962831559392
2022-03-03,-0.0019812680115274,-1.0,0.0019812680115274,1.0130424767804913,-1.0,0.0019812680115274,1.0286953137909687,0.9361378611251907
2022-03-04,-0.018408229561451,0.5,-0.0099541147807255,1.002958535688868,0.5,-0.0099541147807255,1.0184555625630989,0.9189052204764324
2022-03-07,-0.0237175951461664,0.5,-0.0118587975730832,0.9910646534399378,0.5,-0.0118587975730832,1.0063779042094825,0.8971109984794736
2022-03-08,-0.0116760828625236,0.5,-0.0058380414312618,0.9852787769320963,0.5,-0.0058380414312618,1.0005026283092011,0.8866362561243459
2022-03-09,0.0349974593495934,0.5,0.0174987296747967,1.0025199039039452,0.5,0.0174987296747967,1.0180101533409074,0.9176662724559335
2022-03-10,-0.027186253451979,-1.0,0.026436253451979,1.0290227741742035,-1.0,0.026436253451979,1.0449225277713157,0.8927183645886136
2022-03-11,-0.0239086550592986,-1.0,0.0239086550592986,1.053625324730097,-1.0,0.0239086550592986,1.0699052200514905,0.8713746691445633
2022-03-14,-0.0265623990176435,-1.0,0.0265623990176435,1.0816121410206723,-1.0,0.0265623990176435,1.098324469417558,0.8482288674888784
2022-03-15,0.0296773336874252,-1.0,-0.0296773336874252,1.0495127765912313,-1.0,-0.0296773336874252,1.065729127641589,0.8734020386326526
2022-03-16,0.0290154104068605,0.5,0.013757705203430249,1.0639516639788071,0.5,0.013757705203430249,1.080391114806391,0.8987441572337677
2022-03-17,0.0064540384735884,-1.0,-0.0072040384735884,1.0562869152574654,-1.0,-0.0072040384735884,1.0726079356488025,0.9045446866024672
2022-03-18,0.020918939110945,0.5,0.0097094695554725,1.0665429009030016,0.5,0.0097094695554725,1.0830223897449427,0.923466801824633
2022-03-21,0.008537626539822,0.5,0.004268813269911,1.0710957733913056,0.5,0.004268813269911,1.0876456100938965,0.9313510165005356
2022-03-22,0.0208005804813158,0.5,0.0104002902406579,1.082235480310117,0.5,0.0104002902406579,1.0989574401178506,0.9507236582756103
2022-03-23,0.0082336216088141,1.0,0.0079836216088141,1.0908756388765461,1.0,0.0079836216088141,1.1077311004839425,0.9585515571323993
2022-03-24,0.0226778685153632,0.5,0.0110889342576816,1.1029722871193546,0.5,0.0110889342576816,1.1200146578323984,0.9802894633102445
2022-03-25,0.0037341299477222,0.5,0.0018670649738611,1.1050316080437745,0.5,0.0018670649738611,1.1221057979702482,0.9839499915526279
2022-03-28,0.00503663003663,0.5,0.002518315018315,1.107814425738024,0.5,0.002518315018315,1.1249316138534151,0.9889057836346237
2022-03-29,0.0191343963553531,0.5,0.00956719817767655,1.1184131058931488,0.5,0.00956719817767655,1.1356940575394843,1.0078278988567897
2022-03-30,-0.0066495306213678,0.5,-0.0033247653106839,1.114694644795661,0.5,-0.0033247653106839,1.1319181413334272,1.0011263163822728
2022-03-31,-0.0177757776902739,0.5,-0.00888788884513695,1.1047873626964477,0.5,-0.00888788884513695,1.1218577787114616,0.9833305175423787
2022-04-01,-0.001718114655518,0.5,-0.000859057327759,1.1038382870169077,0.5,-0.000859057327759,1.120894038565956,0.981641042968971
2022-04-04,0.0236934197693763,0.5,0.01184670988468815,1.116915138962808,0.5,0.01184670988468815,1.1341729450523235,1.0048994762628833
2022-04-05,-0.0189419412687738,1.0,-0.0191919412687738,1.0954793692136295,1.0,-0.0191919412687738,1.112405964502247,0.9858647294024903
2022-04-06,-0.0184508168627898,0.5,-0.0094754084313949,1.0850992547621634,0.5,-0.0094754084313949,1.1018654636470684,0.967674719828801
2022-04-07,0.001804108712099,0.5,0.0009020543560495,1.0860780732716675,0.5,0.0009020543560495,1.1028594061883317,0.9694205102213221
2022-04-08,-0.0119089113512256,1.0,-0.0121589113512256,1.0728725462582474,1.0,-0.0121589113512256,1.0894498364356224,0.9578757673030365
2022-04-11,-0.0255159033452878,0.5,-0.013007951672643901,1.0589166720256136,0.5,-0.013007951672643901,1.0752783256134981,0.9334347018077389
2022-04-12,0.0115233785822019,0.5,0.00576168929110095,1.0650178208749919,0.5,0.00576168929110095,1.0814737452271383,0.9441910232584343
2022-04-13,0.0163425981152331,0.5,0.00817129905761655,1.0737203999910525,0.5,0.00817129905761655,1.09031079062235,0.9596215576955577
2022-04-14,-0.0299882629107981,0.5,-0.01499413145539905,1.057620895167243,0.5,-0.01499413145539905,1.0739625273005182,0.9308441741285136
2022-04-18,-0.0013309940105269,0.5,-0.00066549700526345,1.0569170516288051,0.5,-0.00066549700526345,1.0732478084548347,0.9296052261080147
2022-04-19,0.0141152238444297,0.5,0.00705761192221485,1.0643763620131728,0.5,0.00705761192221485,1.0808223749832764,0.942726811961481
2022-04-20,-0.001015531660693,-1.0,0.00026553166069299993,1.0646589876361805,-1.0,0.00026553166069299993,1.0811093675434198,0.94176944303655
2022-04-21,-0.0048436285355498,-1.0,0.0048436285355498,1.0698158002893245,-1.0,0.0048436285355498,1.0863458597261033,0.9372078616883494
2022-04-22,-0.0278211753395024,-1.0,0.0278211753395024,1.0995793332501438,-1.0,0.0278211753395024,1.1165692783688856,0.9111336374387577
2022-04-25,0.0067371283762902,0.5,0.0026185641881450996,1.102458652314217,0.5,0.0026185641881450996,1.1194930866948054,0.9172720617221389
2022-04-26,-0.0373280943025539,0.5,-0.01866404715127695,1.0818823120450913,0.5,-0.01866404715127695,1.098598814939205,0.8830320437010769
2022-04-27,-0.0014668367346939,0.5,-0.00073341836734695,1.0810888396861296,0.5,-0.00073341836734695,1.0977930823899829,0.8817367798614643
2022-04-28,0.0451555214919843,0.5,0.02257776074599215,1.1054974048537252,0.5,0.02257776074599215,1.122578791952789,0.9215520639747716
2022-04-29,-0.0366047421168417,0.5,-0.01830237105842085,1.0852641811459711,0.5,-0.01830237105842085,1.1020329383601553,0.8878188883257319
2022-05-02,0.0019663812242309,-1.0,-0.0027163812242309,1.082316189900976,1.0,0.0017163812242309,1.1039244470040406,0.8895646787182532
2022-05-03,0.0096226892884272,0.5,0.004061344644213601,1.086711848962176,1.0,0.0096226892884272,1.1145471689554594,0.8981246832235186
2022-05-04,0.0410082768999249,0.5,0.02050413844996245,1.1089939391685113,1.0,0.0410082768999249,1.1602528278780122,0.934955228923806
2022-05-05,-0.0557161787736417,0.5,-0.02785808938682085,1.0780994868817124,0.5,-0.02810808938682085,1.1276403376807054,0.8828630962437362
2022-05-06,0.0032531734387957,0.5,0.00162658671939785,1.0798531091892638,0.5,0.00162658671939785,1.1294745424782342,0.8857352030185293
2022-05-09,-0.0331892166836215,0.5,-0.01659460834181075,1.0619333697755815,0.5,-0.01659460834181075,1.110731354813762,0.8563383454412358
2022-05-10,0.0161120610285412,0.5,0.0080560305142706,1.0704883374066156,0.5,0.0080560305142706,1.1196794405012986,0.870135721124065
2022-05-11,-0.0518413047699177,0.5,-0.02592065238495885,1.0427405813305461,0.5,-0.02592065238495885,1.0906566189414793,0.8250267500140803
2022-05-12,-0.0268941979522183,0.5,-0.01344709897610915,1.0287187455269886,0.5,-0.01344709897610915,1.0759904514376246,0.8028383172833263
2022-05-13,0.0319163860830529,0.5,0.01595819304152645,1.0451352378535452,0.5,0.01595819304152645,1.0931613147725054,0.8284620149800095
2022-05-16,-0.0106722860444566,0.5,-0.0053361430222283,1.039558246746788,0.5,-0.0053361430222283,1.0873280496505122,0.819620431379176
2022-05-17,0.025422564243507,0.5,0.0127112821217535,1.052772364903182,0.5,0.0127112821217535,1.1011493832485157,0.840457284451204
2022-05-18,-0.0564191905655321,0.5,-0.02820959528276605,1.0230740825643827,0.5,-0.02820959528276605,1.0700864048012078,0.7930393647575619
2022-05-19,-0.0246413861667377,-1.0,0.0238913861667377,1.0475167405481094,-1.0,0.0238913861667377,1.0956522523300896,0.7734977755251464
2022-05-20,0.0017473607571896,0.5,0.00012368037859479997,1.0476462978151648,0.5,0.00012368037859479997,1.095787763015466,0.7748493551838725
2022-05-23,0.0401191947089178,0.5,0.0200595973544589,1.0686616607192265,0.5,0.0200595973544589,1.1177688243274995,0.8059356873345738
2022-05-24,-0.0192159877017679,0.5,-0.00960799385088395,1.0583939660543609,0.5,-0.00960799385088395,1.1070293083366511,0.7904488370783367
2022-05-25,0.0011399259048161,0.5,0.00056996295240805,1.058997211404064,0.5,0.00056996295240805,1.107660274029633,0.7913498901841541
2022-05-26,0.0231995445488186,0.5,0.0115997722744093,1.0712813378955854,0.5,0.0115997722744093,1.1205088809657866,0.8097088472151842
2022-05-27,0.0407567116427873,1.0,0.040506711642787296,1.1146754221380213,1.0,0.040506711642787296,1.16589701110025,0.8427099172157473
2022-05-31,-0.0053461641272385,0.5,-0.00292308206361925,1.1114171344048125,0.5,-0.00292308206361925,1.1624889984590756,0.8382046516866603
2022-06-01,-0.0008734211233538,1.0,-0.0011234211233538001,1.1101685449191647,1.0,-0.0011234211233538001,1.1611830337625402,0.8374725460381838
2022-06-02,0.0168112433595588,0.5,0.0081556216797794,1.1192226595723165,0.5,0.0081556216797794,1.170653203286886,0.851551500816581
2022-06-03,-0.0385556510812777,1.0,-0.0388056510812777,1.0757904955626933,1.0,-0.0388056510812777,1.1252252435429548,0.8187193782733586
2022-06-06,0.0052276791855825,0.5,0.0023638395927912496,1.078333491729653,0.5,0.0023638395927912496,1.1278850955244497,0.8229993805259913
2022-06-07,0.0175858765567265,0.5,0.00879293827836325,1.0878152115659236,0.5,0.00879293827836325,1.1378025195544819,0.8374725460381838
2022-06-08,-0.0050433730078676,0.5,-0.0025216865039338,1.085072082628144,0.5,-0.0025216865039338,1.1349333382967794,0.8332488596046647
2022-06-09,-0.0359556636928901,0.5,-0.01797783184644505,1.0655648391853831,0.5,-0.01797783184644505,1.1145296975839554,0.8032888438362352
2022-06-10,-0.0386287156477845,0.5,-0.01931435782389225,1.0449841385967984,0.5,-0.01931435782389225,1.0930032721994645,0.7722588275046477
2022-06-13,-0.0382848392036753,0.5,-0.01914241960183765,1.0249806137385136,0.5,-0.01914241960183765,1.072080544936841,0.7426930224700135
2022-06-14,0.0066727327873823,0.5,0.00333636639369115,1.0284003246123756,0.5,0.00333636639369115,1.0756573984382982,0.7476488145520092
2022-06-15,0.0201114793612535,0.5,0.01005573968062675,1.0387416505641496,0.5,0.01005573968062675,1.0864739292225338,0.7626851382553376
2022-06-16,-0.0396514804696153,0.5,-0.01982574023480765,1.0181478284289893,0.5,-0.01982574023480765,1.064933779329877,0.7324435433913402
2022-06-17,0.0115331385514378,0.5,0.0057665692757189,1.024019048414548,0.5,0.0057665692757189,1.0710747937424359,0.7408909162583787
2022-06-21,0.0327607175433262,0.5,0.0163803587716631,1.0407928478165953,0.5,0.0163803587716631,1.088619383135222,0.7651630342963356
2022-06-22,-0.0038271877529992,-1.0,0.0030771877529991998,1.0439955628213056,-1.0,0.0030771877529991998,1.091969269368683,0.762234611702429
2022-06-23,0.0215736978204654,0.5,0.0100368489102327,1.0544739885482963,0.5,0.0100368489102327,1.1029291999399538,0.778678830883597
2022-06-24,0.0245172488609242,0.5,0.0122586244304621,1.0674003891456012,0.5,0.0122586244304621,1.1164495947754076,0.7977698935631037
2022-06-27,0.0,0.5,0.0,1.0674003891456012,0.5,0.0,1.1164495947754076,0.7977698935631037
2022-06-28,-0.0297896371593957,0.5,-0.01489481857969785,1.0515016539973785,0.5,-0.01489481857969785,1.0998202806078508,0.774004617897169
2022-06-29,0.0130238649592548,0.5,0.0065119324796274,1.058348961770426,0.5,0.0065119324796274,1.106982236014894,0.7840851495185014
2022-06-30,-0.0180277239100767,0.5,-0.00901386195503835,1.0488091503287693,0.5,-0.00901386195503835,1.097004050952776,0.7699498789209906
2022-07-01,0.0161644236395552,0.5,0.0080822118197776,1.0572858480402474,0.5,0.0080822118197776,1.1058702700597305,0.7823956749450939
2022-07-05,0.0189303966026055,1.0,0.0186803966026055,1.0770363670039613,1.0,0.0186803966026055,1.1265283652954767,0.7972067353719677
2022-07-06,0.0096072336818309,0.5,0.00455361684091545,1.081940777943029,0.5,0.00455361684091545,1.1316581438314552,0.8048656867714158
2022-07-07,0.0239994402462917,1.0,0.0237494402462917,1.1076362657988132,1.0,0.0237494402462917,1.1585343912976098,0.8241820127273769
2022-07-08,0.0047147249743764,0.5,0.0021073624871882,1.1099704569148068,0.5,0.0021073624871882,1.1609758432139476,0.8280678042462145
2022-07-11,-0.0147578890097931,0.5,-0.00737894450489655,1.1017800465111578,0.5,-0.00737894450489655,1.1524090668953464,0.8158472714985657
2022-07-12,0.0068337129840547,0.5,0.00341685649202735,1.1055446708158656,0.5,0.00341685649202735,1.156346683297039,0.8214225375908112
2022-07-13,-0.0025366790072672,1.0,-0.0027866790072672,1.102463872690107,1.0,-0.0027866790072672,1.1531243162695721,0.8193388522836085
2022-07-14,0.0204825073888239,0.5,0.00999125369441195,1.113478868931078,0.5,0.00999125369441195,1.1646454738546168,0.836120966379458
2022-07-15,0.011450124604297,1.0,0.011200124604297,1.1259499710073577,1.0,0.011200124604297,1.177689648281619,0.8456946556287681
2022-07-18,-0.020643270959579,0.5,-0.010571635479789501,1.1140468383453885,0.5,-0.010571635479789501,1.1652395426116644,0.8282367517035556
2022-07-19,0.0267219691303461,0.5,0.01336098456517305,1.128931600957401,0.5,0.01336098456517305,1.1808082901552281,0.8503688686151962
2022-07-20,0.0135099337748343,1.0,0.013259933774834299,1.1439011592224138,1.0,0.013259933774834299,1.1964657298834618,0.8618572957143683
2022-07-21,0.0150940930475693,0.5,0.00729704652378465,1.152248259199871,0.5,0.00729704652378465,1.2051963959785355,0.8748662499296075
2022-07-22,-0.0081107177341486,0.5,-0.0040553588670743,1.147575479004854,0.5,-0.0040553588670743,1.200308892087538,0.8677704567212953
2022-07-25,-0.0073982737361283,0.5,-0.00369913686806415,1.143330440241581,0.5,-0.00369913686806415,1.1958687852117518,0.8613504533423461
2022-07-26,-0.0088264138607387,0.5,-0.00441320693036935,1.1382846864190046,0.5,-0.00441320693036935,1.1905911688010429,0.8537478177620116
2022-07-27,0.0342348284960423,1.0,0.0339848284960423,1.1769690962666257,1.0,0.0339848284960423,1.2310532054816488,0.8829757278819644
2022-07-28,0.0035716563556349,1.0,0.0035716563556349,1.1811728254196923,1.0,0.0035716563556349,1.235450104487132,0.8861294137523255
2022-07-29,0.0327931363203051,1.0,0.0327931363203051,1.2199071869015201,1.0,0.0327931363203051,1.2759643881805136,0.9151883764149376
2022-08-01,-0.0061534674789244,0.5,-0.0033267337394622,1.2158488805038423,0.5,-0.0033267337394622,1.2717195944000013,0.9095567945035786
2022-08-02,-0.0092873506284441,0.5,-0.00464367531422205,1.210202873071622,0.5,-0.00464367531422205,1.2658141415128734,0.9011094216365402
2022-08-03,0.0382476095244046,0.5,0.0191238047622023,1.2333465565389,0.5,0.0191238047622023,1.2900213240204002,0.9355747029340566
2022-08-04,-0.0019262023716366,0.5,-0.0009631011858183,1.2321587190077723,0.5,-0.0009631011858183,1.2887789029535053,0.9337725967224219
2022-08-05,-0.0027742596948314,0.5,-0.0013871298474157,1.230449554871883,0.5,-0.0013871298474157,1.2869911992704988,0.9311820690431968
2022-08-08,-0.0029029331720592,1.0,-0.0031529331720592003,1.226570029653782,1.0,-0.0031529331720592003,1.2829334020261705,0.9284789097257445
2022-08-09,0.0003032692424334,0.5,-9.83653787833e-05,1.2264493776282108,0.5,-9.83653787833e-05,1.2828072057961264,0.9287604888213125
2022-08-10,0.0261945185544507,0.5,0.01309725927722535,1.2425125031173991,0.5,0.01309725927722535,1.2996084643731314,0.9530889226783831
2022-08-11,-0.0044315764594659,0.5,-0.00221578822973295,1.2397593585376956,0.5,-0.00221578822973295,1.2967288072345122,0.9488652362448639
2022-08-12,0.0214256038934059,0.5,0.01071280194670295,1.2530406550072812,0.5,0.01071280194670295,1.3106204061249997,0.9691952469448694
2022-08-15,0.0063335270191748,0.5,0.0031667635095874,1.2570087384295876,0.5,0.0031667635095874,1.314770831002037,0.9753336712282505
2022-08-16,-0.0009238408684103,0.5,-0.00046192043420515,1.2564281004073325,0.5,-0.00046192043420515,1.3141635114889003,0.9744326181224332
2022-08-17,0.0087846038259262,0.5,0.0043923019129631,1.2619467119562522,0.5,0.0043923019129631,1.3199357143943593,0.9829926226276989
2022-08-18,-0.0022916069894013,1.0,-0.0025416069894012997,1.258739339372892,1.0,-0.0025416069894012997,1.3165809565570943,0.9807399898631554
2022-08-19,-0.0151019236290553,1.0,-0.0151019236290553,1.239729954000795,1.0,-0.0151019236290553,1.2966980514997004,0.9659289294362815
2022-08-22,-0.0230293843283583,1.0,-0.0230293843283583,1.2111797364267327,1.0,-0.0230293843283583,1.2668358937138804,0.9436841808864137
2022-08-23,-0.002029002804798,0.5,-0.001264501402399,1.209648197951464,0.5,-0.001264501402399,1.2652339779496697,0.9417694430365516
2022-08-24,0.0017939364946482,0.5,0.0008969682473241,1.2107332139754592,0.5,0.0008969682473241,1.266368852653326,0.9434589176099594
2022-08-25,0.0149227004118666,0.5,0.0074613502059333,1.2197669184908853,0.5,0.0074613502059333,1.2758176741528586,0.9575378723883567
2022-08-26,-0.0376992295477268,0.5,-0.0188496147738634,1.1967747819634296,0.5,-0.0188496147738634,1.251769002473391,0.9214394323365462
2022-08-29,-0.0136902579146803,-1.0,0.012940257914680299,1.2122613563078215,-1.0,0.012940257914680299,1.2679672162149986,0.9088246888551024
2022-08-30,-0.0153054901474779,0.5,-0.00840274507373895,1.202075033168022,0.5,-0.00840274507373895,1.2573128109352856,0.8949146815340459
2022-08-31,-0.010634950600969,0.5,-0.0053174753004845,1.1956830288698217,0.5,-0.0053174753004845,1.2506270811181543,0.8853973081038494
2022-09-01,0.0047067803078488,0.5,0.0023533901539244,1.1984969375371783,0.5,0.0023533901539244,1.253570294577089,0.8895646787182551
2022-09-02,-0.0136110407698152,0.5,-0.0068055203849076,1.1903405421975197,0.5,-0.0068055203849076,1.2450390963834301,0.8774567776088333
2022-09-06,-0.0082151338168281,0.5,-0.00410756690841405,1.1854511387766455,0.5,-0.00410756690841405,1.2399250149914438,0.870248352762294
2022-09-07,0.0092538665631269,0.5,0.00462693328156345,1.1909361421043183,0.5,0.00462693328156345,1.2456620653099506,0.8783015148955373
2022-09-08,-0.0096178507309566,0.5,-0.0048089253654783,1.185209019081888,0.5,-0.0048089253654783,1.2396717694072674,0.869854142028499
2022-09-09,0.0188398290819629,0.5,0.00941991454098145,1.19637358675484,0.5,0.00941991454098145,1.2513493715339512,0.8862420453905534
2022-09-12,0.0385079748363728,0.5,0.0192539874181864,1.2194085487416682,0.5,0.0192539874181864,1.2754428365892212,0.9203694317733884
2022-09-13,-0.0586795569968794,0.5,-0.0293397784984397,1.1836313720224838,0.5,-0.0293397784984397,1.2380216262762718,0.8663625612434563
2022-09-14,0.0095553822152885,-1.0,-0.0103053822152885,1.1714335983317858,-1.0,-0.0103053822152885,1.2252633402267017,0.8746409866531538
2022-09-15,-0.0189298821711415,-1.0,0.0189298821711415,1.1936086983195229,-1.0,0.0189298821711415,1.2484574308858123,0.8580841358337588
2022-09-16,-0.0109601627616986,-1.0,0.0109601627616986,1.2066908439268842,-1.0,0.0109601627616986,1.262140727529373,0.8486793940417893
2022-09-19,0.0250829462508295,0.5,0.01179147312541475,1.2209195065837322,0.5,0.01179147312541475,1.277023225998527,0.869966773666726
2022-09-20,0.0156654583117556,0.5,0.0078327291558778,1.2304826383999303,0.5,0.0078327291558778,1.2870258030535386,0.8835952018922147
2022-09-21,-0.0202676864244741,0.5,-0.01013384321223705,1.2180131202670057,0.5,-0.01013384321223705,1.2739832853552906,0.8656867714140934
2022-09-22,-0.006375227686703,0.5,-0.0031876138433515,1.2141305647834588,0.5,-0.0031876138433515,1.2699223185986936,0.8601678211409618
2022-09-23,-0.0151237396883593,-1.0,0.0143737396883593,1.2315821614693367,-1.0,0.0143737396883593,1.288175851430669,0.8471588669257226
2022-09-26,0.0022601874626071,0.5,0.00038009373130355,1.2320502781284965,0.5,0.00038009373130355,1.2886654789966145,0.8490736047755846
2022-09-27,0.006566293029117,0.5,0.0032831465145585,1.2360952797048947,0.5,0.0032831465145585,1.292896356572414,0.8546488708678298
2022-09-28,-0.0126515550869793,0.5,-0.00632577754348965,1.228276015942924,0.5,-0.00632577754348965,1.2847177818339488,0.8438362335980207
2022-09-29,-0.0491190603310198,0.5,-0.0245595301655099,1.1981101340778013,0.5,-0.0245595301655099,1.2531657167168309,0.8023877907304191
2022-09-30,-0.0300393037619315,0.5,-0.01501965188096575,1.1801149369488955,0.5,-0.01501965188096575,1.234343603902583,0.7782846201498029
2022-10-03,0.030752532561505,0.5,0.0153762662807525,1.198260698461315,0.5,0.0153762662807525,1.2533231998381327,0.8022188432730784
2022-10-04,0.0256230256230256,0.5,0.0128115128115128,1.2136122307511845,0.5,0.0128115128115128,1.269380166069825,0.8227741172495384
2022-10-05,0.002053388090349,0.5,0.0010266940451745,1.2148582392016476,0.5,0.0010266940451745,1.2706834311273913,0.824463591822946
2022-10-06,-0.0066256830601092,0.5,-0.0033128415300546,1.2108336063736913,0.5,-0.0033128415300546,1.2664738582852002,0.819000957368928
2022-10-07,-0.0367186962799972,-1.0,0.0359686962799972,1.2543857126069604,-1.0,0.0359686962799972,1.312027271840417,0.7889283099622714
2022-10-10,0.0023556285245198,0.5,0.0004278142622598999,1.2549223567051886,0.5,0.0004278142622598999,1.312588575819784,0.7907867319930197
2022-10-11,-0.010254949437402,0.5,-0.005127474718701,1.24848777404725,0.5,-0.005127474718701,1.3058583110812123,0.7826772540406629
2022-10-12,-0.0046049791336881,0.5,-0.00230248956684405,1.2456131439731737,0.5,-0.00230248956684405,1.3028515859441712,0.7790730416173933
2022-10-13,0.0336128379355211,0.5,0.01680641896776055,1.2665474403425363,0.5,0.01680641896776055,1.3247478555503602,0.8052598975052123
2022-10-14,-0.0322400167843905,0.5,-0.01612000839219525,1.246130684975101,0.5,-0.01612000839219525,1.3033929090013456,0.7792983048938478
2022-10-17,0.0291227055932938,-1.0,-0.029872705593293802,1.2089053898920703,-1.0,-0.029872705593293802,1.2644570363583616,0.8019935799966242
2022-10-18,0.0094094515834561,0.5,0.00395472579172805,1.2136862792172356,0.5,0.00395472579172805,1.26945761721258,0.8095398997578451
2022-10-19,0.0007652173913044,0.5,0.0003826086956522,1.214150646141458,0.5,0.0003826086956522,1.2699433227356876,0.8101593737680947
2022-10-20,-0.0032670652022801,0.5,-0.00163353260114005,1.2121672914782906,0.5,-0.00163353260114005,1.2678688289163986,0.8075125302697559
2022-10-21,0.0270590696701304,0.5,0.0135295348350652,1.2285673510742727,0.5,0.0135295348350652,1.2850225044035164,0.8293630680858286
2022-10-24,0.0148027432606774,0.5,0.0074013716303387,1.2376604346124742,0.5,0.0074013716303387,1.2945334335119554,0.8416399166525909
2022-10-25,0.0193375710940115,0.5,0.00966878554700575,1.249627107934756,0.5,0.00966878554700575,1.3070499996640115,0.8579151883764183
2022-10-26,-0.0196271497965079,0.5,-0.00981357489825395,1.2373637987161499,0.5,-0.00981357489825395,1.2942231665965458,0.841076758461455
2022-10-27,-0.030465349849347,0.5,-0.0152326749246735,1.2185154382067476,0.5,-0.0152326749246735,1.2745086858197991,0.8154530607647721
2022-10-28,0.0755524861878453,0.5,0.03777624309392265,1.2645463736141433,0.5,0.03777624309392265,1.3226548357606436,0.8770625668750388
2022-10-31,-0.0154102992166431,0.5,-0.00770514960832155,1.254802854618786,0.5,-0.00770514960832155,1.3124635823709379,0.8635467702877775
2022-11-01,-0.0175427155341072,0.5,-0.0087713577670536,1.2437965298538043,0.5,-0.0087713577670536,1.3009514947337335,0.8483978149462219
2022-11-02,-0.0373050116163292,0.5,-0.0186525058081646,1.2205966078565313,0.5,-0.0186525058081646,1.276685489422072,0.8167483246043848
2022-11-03,-0.0424050196511066,0.5,-0.0212025098255533,1.1947168962854162,0.5,-0.0212025098255533,1.2496165527884593,0.7821140958495275
2022-11-04,-0.0036002304147465,0.5,-0.00180011520737325,1.1925662682319071,0.5,-0.00180011520737325,1.2473670990283994,0.779298304893848
2022-11-07,0.003902298019945,0.5,0.0019511490099725,1.1948931427254943,0.5,0.0019511490099725,1.2498008981087407,0.7823393591259817
2022-11-08,0.0041750647854881,0.5,0.00208753239274405,1.1973875208668014,0.5,0.00208753239274405,1.2524098979680234,0.7856056766345699
2022-11-09,-0.033189964157706,0.5,-0.016594982078853,1.1775168964165745,0.5,-0.016594982078853,1.231626178155866,0.7595314523849782
2022-11-10,0.0889745681026172,0.5,0.0444872840513086,1.229901425062674,0.5,0.0444872840513086,1.2864178817885137,0.8271104353212853
2022-11-11,0.0192687410635254,1.0,0.0190187410635254,1.253292601799602,1.0,0.0190187410635254,1.3108839303817383,0.843047812130431
2022-11-14,-0.0094856379425516,0.5,-0.0049928189712758,1.2470351387207774,0.5,-0.0049928189712758,1.3043389242249879,0.8350509658163014
2022-11-15,0.0118694362017803,0.5,0.00593471810089015,1.2544359407309897,0.5,0.00593471810089015,1.3120798080482816,0.8449625499802931
2022-11-16,-0.0083311117035457,1.0,-0.0085811117035457,1.2436714857986346,1.0,-0.0085811117035457,1.3008207046514526,0.8379230725910944
2022-11-17,0.0129713018348007,0.5,0.00623565091740035,1.2514265870399996,0.5,0.00623565091740035,1.3089321684717858,0.8487920256800172
2022-11-18,0.0037818471337578,0.5,0.0018909235668789,1.2537929390656524,0.5,0.0018909235668789,1.311407259156595,0.8520020273694917
2022-11-21,-0.021680216802168,0.5,-0.010840108401084,1.240201687693667,0.5,-0.010840108401084,1.2971914623093692,0.8335304387002345
2022-11-22,0.0146611715424633,1.0,0.0144111715424633,1.2580744469622729,1.0,0.0144111715424633,1.3158855109961283,0.8457509714478834
2022-11-23,0.0059262218670927,0.5,0.00271311093354635,1.2614877424995414,0.5,0.00271311093354635,1.3194556543633071,0.8507630793489928
2022-11-25,-0.0195935658966041,0.5,-0.00979678294830205,1.2491292208943299,0.5,-0.00979678294830205,1.3065292337076,0.8340935968913704
2022-11-28,-0.0262642630477348,0.5,-0.0131321315238674,1.2327254916752395,0.5,-0.0131321315238674,1.2893717199707742,0.8121867432561842
2022-11-29,-0.0211482457356816,0.5,-0.0105741228678408,1.219690500863946,0.5,-0.0105741228678408,1.275737744981484,0.7950104184265395
2022-11-30,0.0485938938868033,0.5,0.02429694694340165,1.2493252562508081,0.5,0.02429694694340165,1.306734277284994,0.833643070338462
2022-12-01,0.0018915084780111,0.5,0.00094575423900555,1.250506810907804,0.5,0.00094575423900555,1.3079701267669899,0.8352199132736424
2022-12-02,-0.0033713168363562,1.0,-0.0036213168363562,1.2459783295394853,1.0,-0.0036213168363562,1.3032335525254775,0.832404122317963
2022-12-05,-0.0079832217035383,0.5,-0.00424161085176915,1.2406933743358415,0.5,-0.00424161085176915,1.2977057429466958,0.8257588556625596
2022-12-06,-0.0253699788583509,0.5,-0.01268498942917545,1.2249551919975434,0.5,-0.01268498942917545,1.2812443593152367,0.8048093709523044
2022-12-07,-0.0137848995871527,0.5,-0.00689244979357635,1.2165122498373195,0.5,-0.00689244979357635,1.2724134468953534,0.7937151545869274
2022-12-08,0.01213282247765,0.5,0.006066411238825,1.2238921134219007,0.5,0.006066411238825,1.2801324301300312,0.8033451596553511
2022-12-09,-0.003434980722047,0.5,-0.0017174903610235,1.2217900905141659,0.5,-0.0017174903610235,1.2779338150204493,0.8005856845187853
2022-12-12,0.0163899831176139,0.5,0.00819499155880695,1.2318026499925634,0.5,0.00819499155880695,1.2884064718472559,0.8137072703722517
2022-12-13,0.0067824762959374,0.5,0.0033912381479687,1.235979986129987,0.5,0.0033912381479687,1.2927757650246738,0.8192262206453834
2022-12-14,-0.0155358493160101,0.5,-0.00776792465800505,1.2263789867189272,0.5,-0.00776792465800505,1.2827335802822675,0.8064988455257123
2022-12-15,-0.0468542699532156,-1.0,0.0461042699532156,1.2829202945875677,-1.0,0.0461042699532156,1.341873075545656,0.7687109309004938
2022-12-16,-0.0145787545787546,0.5,-0.0080393772893773,1.2726064143071791,0.5,-0.0080393772893773,1.3310852516168874,0.7575040828968895
2022-12-19,-0.01590959779942,0.5,-0.00795479889971,1.2624830862028846,0.5,-0.00795479889971,1.3204967361219053,0.7454524976065815
2022-12-20,-0.0005288207297725,0.5,-0.00026441036488625,1.262149272589399,0.5,-0.00026441036488625,1.3201475830980762,0.7450582868727865
2022-12-21,0.0238095238095237,0.5,0.01190476190476185,1.2771748591678442,0.5,0.01190476190476185,1.3358636257540057,0.7627977698935671
2022-12-22,-0.0237726098191214,0.5,-0.0118863049095607,1.2619939693689501,0.5,-0.0118863049095607,1.3199851433807024,0.7446640761389913
2022-12-23,-0.0027981547303937,-1.0,0.0020481547303937003,1.2645787282870413,-1.0,0.0020481547303937003,1.322688677196167,0.7425803908317887
2022-12-27,-0.013878355831943,0.5,-0.0076891779159715,1.2548551574564892,0.5,-0.0076891779159715,1.3125182886297648,0.7322745959340019
2022-12-28,-0.0306852264861954,-1.0,0.0299352264861954,1.2924195308023196,-1.0,0.0299352264861954,1.3518088208671704,0.7098045841076798
2022-12-29,0.0283243414788956,-1.0,-0.0283243414788956,1.2558125986778808,-1.0,-0.0283243414788956,1.3135197262107454,0.7299093315312312
2022-12-30,0.0024689452974306,-1.0,-0.0024689452974306,1.252712066067921,-1.0,-0.0024689452974306,1.310276717859635,0.731711437742866
2023-01-03,-0.0374047564072963,-1.0,0.0374047564072963,1.2995694557476725,-1.0,0.0374047564072963,1.3592872993173264,0.7043419496536615
2023-01-04,0.0103142240345406,0.5,0.0044071120172703,1.3052968039133757,0.5,0.0044071120172703,1.3652778307090707,0.7116066903193144
2023-01-05,-0.0106046217157328,0.5,-0.0053023108578664,1.2983757144972474,0.5,-0.0053023108578664,1.3580387032432977,0.7040603705580935
2023-01-06,0.0367941129419293,0.5,0.01839705647096465,1.3222620058373822,0.5,0.01839705647096465,1.38302261795662,0.7299656473503445
2023-01-09,0.0040888751735843,0.5,0.00204443758679215,1.324965287981703,0.5,0.00204443758679215,1.3858501213801542,0.7329503857633648
2023-01-10,0.0044563964656165,0.5,0.00222819823280825,1.3279175732949162,0.5,0.00222819823280825,1.3889380701715506,0.736216703271953
2023-01-11,0.0211122160177466,0.5,0.0105561080088733,1.3419352146254981,0.5,0.0105561080088733,1.4035998504579172,0.7517598693473037
2023-01-12,-0.0005992958274029,0.5,-0.00029964791370145,1.341533106538113,0.5,-0.00029964791370145,1.403179264691056,0.7513093427943949
2023-01-13,0.0101191814706542,1.0,0.009869181470654199,1.3547729402154283,1.0,0.009869181470654199,1.417027495490151,0.7589119783747293
2023-01-17,0.0087563075096468,0.5,0.0041281537548234,1.3603656512155118,0.5,0.0041281537548234,1.4228772028663468,0.7655572450301329
2023-01-18,-0.0053700161836103,0.5,-0.00268500809180515,1.3567130584341844,0.5,-0.00268500809180515,1.4190567660630056,0.761446190234841
2023-01-19,0.0004437541601953,0.5,0.00022187708009765,1.3570140819661203,0.5,0.00022187708009765,1.4193716222347526,0.7617840851495226
2023-01-20,0.0192208176240111,0.5,0.00961040881200555,1.370055542057463,0.5,0.00961040881200555,1.4330123637805878,0.7764261981190558
2023-01-23,0.023500398926525,0.5,0.0117501994632625,1.3861539679523864,0.5,0.0117501994632625,1.449850544888331,0.7946725235118587
2023-01-24,0.0100630713627665,0.5,0.00503153568138325,1.3931284511020299,0.5,0.00503153568138325,1.4571455196376095,0.8026693698259882
2023-01-25,-0.0047007647512803,0.5,-0.00235038237564015,1.3898540665435568,0.5,-0.00235038237564015,1.4537206704895103,0.7988962099453778
2023-01-26,0.0148033272240235,0.5,0.00740166361201175,1.4001412988138988,0.5,0.00740166361201175,1.4644806218783017,0.8107225319592315
2023-01-27,0.0136843567657682,1.0,0.0134343567657682,1.418951296544651,1.0,0.0134343567657682,1.4841549770291689,0.8218167483246086
2023-01-30,-0.0200781196464058,1.0,-0.0200781196464058,1.3904614226402048,1.0,-0.0200781196464058,1.4543559358265685,0.8053162133243269
2023-01-31,0.0090209790209789,0.5,0.0042604895104894494,1.3963854689461035,0.5,0.0042604895104894494,1.4605522040356755,0.8125809539899799
2023-02-01,0.0079007554231063,0.5,0.00395037771155315,1.4019017189793648,0.5,0.00395037771155315,1.4663219369090577,0.8190009573689291
2023-02-02,0.0370625042976,0.5,0.0185312521488,1.4278807132216074,0.5,0.0185312521488,1.4934947184532361,0.8493551838711536
2023-02-03,0.0243999469566371,0.5,0.01219997347831855,1.4453008200531134,0.5,0.01219997347831855,1.5117153144083744,0.8700794053049545
2023-02-06,-0.0179288025889968,1.0,-0.0181788025889968,1.4190269817636527,1.0,-0.0181788025889968,1.4842341401369812,0.8544799234104903
2023-02-07,0.0192447109998024,1.0,0.0192447109998024,1.4463357459286161,1.0,0.0192447109998024,1.5127977972199576,0.8709241425916585
2023-02-08,-0.0176527643064986,1.0,-0.0176527643064986,1.4208039218976745,1.0,-0.0176527643064986,1.4860927342622432,0.8555499239736486
2023-02-09,-0.0069115323854659,0.5,-0.0037057661927329504,1.4155387547574036,0.5,-0.0037057661927329504,1.480585622048348,0.8496367629667219
2023-02-10,0.0009279512162787,0.5,0.00046397560813935,1.4161955302119869,0.5,0.00046397560813935,1.48127257766274,0.8504251844343119
2023-02-13,0.0188067015429442,0.5,0.0094033507714721,1.4295125135435611,0.5,0.0094033507714721,1.4952015032986654,0.8664188770625714
2023-02-14,-0.0042248943776406,0.5,-0.0021124471888203,1.4264927438529427,0.5,-0.0021124471888203,1.4920429690863022,0.862758348820188
2023-02-15,0.0139033942558748,0.5,0.0069516971279374,1.4364092893634086,0.5,0.0069516971279374,1.5024151999092585,0.8747536182913827
2023-02-16,-0.0104294083564024,0.5,-0.0052147041782012,1.4289188398405581,0.5,-0.0052147041782012,1.4945805490888986,0.8656304555949813
2023-02-17,-0.0075466788107474,0.5,-0.0037733394053737,1.4235270440751069,0.5,-0.0037733394053737,1.4889409894085164,0.859097820577805
2023-02-21,-0.0266797771222551,0.5,-0.01333988856112755,1.4045373519433937,0.5,-0.01333988856112755,1.4690786825357118,0.8361772821985741
2023-02-22,0.0028960129310344,0.5,0.0014480064655172,1.406571131110068,0.5,0.0014480064655172,1.471205917966377,0.8385988624204584
2023-02-23,0.0032905782015983,0.5,0.00164528910079915,1.408885347261582,0.5,0.00164528910079915,1.4736264770282383,0.8413583375570244
2023-02-24,-0.0180053547523426,0.5,-0.0090026773761713,1.396201607020171,0.5,-0.0090026773761713,1.4603598932825692,0.826209382215469
2023-02-27,0.0082475632199576,-1.0,-0.0089975632199576,1.3836391947932007,-1.0,-0.0089975632199576,1.4472202128188687,0.8330235963282133
2023-02-28,-0.0034478096268252,0.5,-0.0024739048134126,1.3802162031291756,0.5,-0.0024739048134126,1.443639927768308,0.8301514895534203
2023-03-01,-0.0142459805983311,0.5,-0.00712299029916555,1.3703849365035354,0.5,-0.00712299029916555,1.4333568945673265,0.8183251675395666
2023-03-02,0.0041291032964008,0.5,0.0020645516482004,1.3732141669828626,0.5,0.0020645516482004,1.4363161339064647,0.821704116686382
2023-03-03,0.0350901240490713,0.5,0.01754506202453565,1.397307294715548,0.5,0.01754506202453565,1.4615163895626948,0.8505378160725396
2023-03-06,0.0185393630404555,1.0,0.0182893630404555,1.4228631551076774,1.0,0.0182893630404555,1.4882465934009828,0.8663062454243446
2023-03-07,-0.0144965221348242,0.5,-0.0074982610674121,1.4121941557074782,0.5,-0.0074982610674121,1.4770873319109754,0.8537478177620141
2023-03-08,0.0083773087071241,0.5,0.00418865435356205,1.4181093489058572,0.5,0.00418865435356205,1.4832743401943758,0.8608999267894402
2023-03-09,-0.0149146333485968,0.5,-0.0074573166742984,1.407534058412283,0.5,-0.0074573166742984,1.4722130937246853,0.8480599200315418
2023-03-10,-0.0138787436084734,0.5,-0.0069393718042367,1.397766656253834,0.5,-0.0069393718042367,1.4619968596922643,0.8362899138368016
2023-03-13,0.0132659932659933,0.5,0.00663299663299665,1.4070380377784806,0.5,0.00663299663299665,1.4716942799400548,0.8473841302021787
2023-03-14,0.0140891872133981,1.0,0.0138391872133981,1.426510300599669,1.0,0.0138391872133981,1.4920613326010321,0.8593230838542598
2023-03-15,0.0026214037617144,0.5,0.0010607018808572,1.4280234027585774,0.5,0.0010607018808572,1.4936439648628765,0.8615757166188035
2023-03-16,0.018694032289692,0.5,0.009347016144846,1.4413711605593795,0.5,0.009347016144846,1.5076050791171014,0.87768204088529
2023-03-17,-0.0054539621430862,0.5,-0.0027269810715431,1.437440568687466,0.5,-0.0027269810715431,1.5034938686029868,0.8728951962606349
2023-03-20,0.015483870967742,0.5,0.007741935483871,1.4485691408321433,0.5,0.007741935483871,1.5151338211341068,0.8864109928478965
2023-03-21,0.0119440914866582,0.5,0.0059720457433291,1.4572200620035676,0.5,0.0059720457433291,1.5241822696211844,0.8969983668412513
2023-03-22,-0.0091034655951782,0.5,-0.0045517327975891,1.450587185654041,0.5,-0.0045517327975891,1.5172445991950458,0.888832573069781
2023-03-23,0.006969524171577,0.5,0.0034847620857885,1.455642136880739,0.5,0.0034847620857885,1.5225318356491881,0.8950273131722759
2023-03-24,0.0083055433209588,1.0,0.0080555433209588,1.467368125174195,1.0,0.0080555433209588,1.5347966568087992,0.9024610012952697
2023-03-27,-0.0122932917316692,0.5,-0.0063966458658346005,1.457981890922642,0.5,-0.0063966458658346005,1.5249791061191265,0.8913667849298927
2023-03-28,-0.0039802880970432,0.5,-0.0019901440485216,1.4550802969395702,0.5,-0.0019901440485216,1.5219441780269636,0.8878188883257366
2023-03-29,0.019790675547098,0.5,0.009895337773549,1.469478807965423,0.5,0.009895337773549,1.5370043297410265,0.9053894238891765
2023-03-30,0.0098899048329912,0.5,0.0049449524164956,1.4767453107478605,0.5,0.0049449524164956,1.5446047430155434,0.9143436391282372
2023-03-31,0.0156442473515643,0.5,0.00782212367578215,1.4882965952061615,0.5,0.00782212367578215,1.5566868323456104,0.9286478571830888
2023-04-03,0.0077016373559732,0.5,0.0038508186779866,1.4940277555333654,0.5,0.0038508186779866,1.5626813510753828,0.9357999662105146
2023-04-04,-0.0032496840584942,0.5,-0.0016248420292471,1.4916001964433132,0.5,-0.0016248420292471,1.560142240737835,0.9327589119783809
2023-04-05,-0.0112902252007487,0.5,-0.00564511260037435,1.4831799453796501,0.5,-0.00564511260037435,1.5513350621162694,0.9222278538041396
2023-04-06,0.0054958475818271,0.5,0.00274792379091355,1.4872556108377648,0.5,0.00274792379091355,1.555598012641137,0.9272962775243628
2023-04-10,-0.0159723065711162,0.5,-0.0079861532855581,1.475378159554808,0.5,-0.0079861532855581,1.5431747684614754,0.9124852170974889
2023-04-11,-0.007591186817256,0.5,-0.003795593408628,1.4697782239371682,0.5,-0.003795593408628,1.537317504481942,0.9055583713465174
2023-04-12,-0.0043532338308458,1.0,-0.0046032338308458,1.4630124910929,1.0,-0.0046032338308458,1.5302408725365593,0.9016162640085661
2023-04-13,0.034103685196752,0.5,0.016801842598376,1.487593796687701,0.5,0.016801842598376,1.55595173881452,0.9323647012445859
2023-04-14,-0.0021140372070548,1.0,-0.0023640372070547998,1.4840770696033474,1.0,-0.0023640372070547998,1.552273411011581,0.9303936475756103
2023-04-17,0.0001210580473336,0.5,-0.0001894709763332,1.483795880072016,0.5,-0.0001894709763332,1.5519793002528606,0.9305062792138374
2023-04-18,0.0075046904315196,0.5,0.0037523452157598,1.4893635944437682,0.5,0.0037523452157598,1.5578028623551226,0.9374894407839225
2023-04-19,0.0069682225025529,0.5,0.00348411125127645,1.4945527029004113,0.5,0.00348411125127645,1.5632304208351246,0.9440220758010988
2023-04-20,-0.0058462089124857,0.5,-0.00292310445624285,1.4901839692344732,0.5,-0.00292310445624285,1.5586609350258471,0.9385031255279671
2023-04-21,-0.0097809780978097,0.5,-0.00489048904890485,1.4828962408520783,0.5,-0.00489048904890485,1.5510383207921474,0.9293236470124521
2023-04-24,0.0018785601745243,0.5,0.00093928008726215,1.4842890957625865,0.5,0.00093928008726215,1.552495180201448,0.9310694374049734
2023-04-25,-0.0094356741063328,0.5,-0.0047178370531664,1.477286461668987,0.5,-0.0047178370531664,1.5451707609154313,0.9222841696232534
2023-04-26,-6.106124442828431e-05,-1.0,-0.0006889387555717157,1.4762687017724616,-1.0,-0.0006889387555717157,1.5441062328942603,0.9222278538041397
2023-04-27,0.0283952125061064,0.5,0.013447606253053199,1.4961209819976038,0.5,0.013447606253053199,1.5648707655271077,0.9484147096919587
2023-04-28,0.0075411198859924,0.5,0.0037705599429962,1.5017621958422,0.5,0.0037705599429962,1.57077120455157,0.9555668187193845
2023-05-01,-0.0005304101838755,0.5,-0.00026520509193775,1.501363920860983,0.5,-0.00026520509193775,1.5703546280298537,0.9550599763473623
2023-05-02,-0.0061914027949762,0.5,-0.0030957013974881,1.4967161464730356,0.5,-0.0030957013974881,1.5654932790133098,0.9491468153404353
2023-05-03,-0.0064673074641035,0.5,-0.00323365373205175,1.491876284720171,0.5,-0.00323365373205175,1.5604310158291266,0.943008391057054
2023-05-04,-0.0099134069871603,0.5,-0.00495670349358015,1.484481496327709,0.5,-0.00495670349358015,1.5526964219614756,0.9336599650841982
2023-05-05,0.0469268351529041,0.5,0.02346341757645205,1.5193125055605625,0.5,0.02346341757645205,1.5891279864794208,0.9774736723545707
2023-05-08,-0.0004032955003744,0.5,-0.0002016477501872,1.519006139611985,1.0,-0.0006532955003744,1.5880898163163348,0.9770794616207756
2023-05-09,-0.0099711815561959,0.5,-0.00498559077809795,1.5114329966104614,1.0,-0.0099711815561959,1.572254684430299,0.9673368249141248
2023-05-10,0.0103918029923735,0.5,0.00519590149618675,1.5192862535789355,1.0,0.0103918029923735,1.588593245364735,0.9773891986259005
2023-05-11,0.0011235631356054,0.5,0.0005617815678027,1.5201397605924123,0.5,0.00031178156780269995,1.5890885394573755,0.9784873570986155
2023-05-12,-0.0067913669064748,1.0,-0.0070413669064748,1.5094358987889602,1.0,-0.0070413669064748,1.5778991840041818,0.971842090443212
2023-05-15,-0.0028973749782696,0.5,-0.0016986874891348,1.5068718389120364,0.5,-0.0016986874891348,1.575218826401198,0.9690262994875326
2023-05-16,0.0,0.5,0.0,1.5068718389120364,0.5,0.0,1.575218826401198,0.9690262994875326
2023-05-17,0.0036031847503923,1.0,0.0033531847503923,1.5119246585830717,1.0,0.0033531847503923,1.5805008261484172,0.9725178802725752
2023-05-18,0.0136661068967514,1.0,0.0136661068967514,1.5325867825871022,1.0,0.0136661068967514,1.6021001193889655,0.9858084135833823
2023-05-19,0.0006283918880318,0.5,6.419594401589997e-05,1.5326851684423968,0.5,6.419594401589997e-05,1.6022029677185377,0.9864278875936318
2023-05-22,-0.0054807033569308,0.5,-0.0027403516784654,1.5284850720684966,0.5,-0.0027403516784654,1.5978123681267078,0.9810215689587272
2023-05-23,-0.0151549942594717,0.5,-0.00757749712973585,1.5169029808220533,0.5,-0.00757749712973585,1.5857049494933713,0.9661541927127397
2023-05-24,0.0016320820704127,0.5,0.00081604103520635,1.5181408359008308,0.5,0.00081604103520635,1.5869989498018875,0.9677310356479203
2023-05-25,0.0066922718808193,-1.0,-0.0074422718808193,1.5068424190466827,-1.0,-0.0074422718808193,1.5751880721428873,0.9742073548459831
2023-05-26,0.0141048615526908,-1.0,-0.0141048615526908,1.4855886153443076,-1.0,-0.0141048615526908,1.552970262465862,0.9879484147096989
2023-05-30,0.0106595223165935,-1.0,-0.0106595223165935,1.4697529503457678,-1.0,-0.0106595223165935,1.536416341296101,0.99847947288394
2023-05-31,-0.0002820078962211,-1.0,0.0002820078962211,1.4701674322832596,-1.0,0.0002820078962211,1.5368496228362296,0.998197893788372
2023-06-01,0.0160225669957687,0.5,0.0072612834978843495,1.480842734798425,0.5,0.0072612834978843495,1.5480091236412599,1.0141915864166315
2023-06-02,0.0047753900827363,0.5,0.00238769504136815,1.4843785356533492,0.5,0.00238769504136815,1.5517052973497707,1.0190347468604002
2023-06-05,-0.0075711522520032,0.5,-0.0037855761260016,1.4787593077068306,0.5,-0.0037855761260016,1.5458311988215332,1.0113194796418385
2023-06-06,-0.0020603630693841,0.5,-0.00103018153469205,1.477235917173777,0.5,-0.00103018153469205,1.5442387120647565,1.0092357943346357
2023-06-07,-0.0077562636013616,0.5,-0.0038781318006808,1.4715070015862777,0.5,-0.0038781318006808,1.538249950807656,1.0014078954778467
2023-06-08,0.0154650770442019,0.5,0.00773253852210095,1.4828854861615848,0.5,0.00773253852210095,1.5501445278088961,1.0168947457340838
2023-06-09,0.002159827213823,0.5,0.0010799136069115,1.4844868743755824,0.5,0.0010799136069115,1.5518185499771564,1.019091062679514
2023-06-12,0.0156388152077806,0.5,0.0078194076038903,1.49609468232895,0.5,0.0078194076038903,1.5639528517467056,1.0350284394886597
2023-06-13,-0.0026116763697697,0.5,-0.00130583818488485,1.4941410247645617,0.5,-0.00130583818488485,1.5619105823935353,1.0323252801712077
2023-06-14,0.0034913534449838,0.5,0.0017456767224919,1.4967493119716133,0.5,0.0017456767224919,1.5646371733398334,1.0359294925944773
2023-06-15,0.0111986952976352,0.5,0.0055993476488176,1.505130131712471,0.5,0.0055993476488176,1.5733981208176264,1.047530551331877
2023-06-16,-0.005859900005376,0.5,-0.002929950002688,1.5007201756790143,0.5,-0.002929950002688,1.5687881429893076,1.0413921270484958
2023-06-20,0.0004866969500325,0.5,0.00024334847501625,1.5010853736451917,0.5,0.00024334847501625,1.5691699051915275,1.0418989694205183
2023-06-21,-0.0056753688989783,0.5,-0.00283768444948915,1.4968257670230432,0.5,-0.00283768444948915,1.564717096152959,1.0359858084135916
2023-06-22,0.0165253315938247,0.5,0.00826266579691235,1.5091935380921615,0.5,0.00826266579691235,1.577645830585186,1.0531058174241228
2023-06-23,-0.001711229946524,0.5,-0.000855614973262,1.5079022495034196,0.5,-0.000855614973262,1.5762959731900328,1.0513037112124881
2023-06-26,-0.0075530319262909,0.5,-0.00377651596314545,1.502207632587307,0.5,-0.00377651596314545,1.5703430662846387,1.0433631807174721
2023-06-27,0.0150591029308575,0.5,0.00752955146542875,1.513518582268633,0.5,0.00752955146542875,1.582167045220608,1.0590752942501636
2023-06-28,0.0063277677337019,0.5,0.00316388386685095,1.5183071792932517,0.5,0.00316388386685095,1.5871728380096446,1.0657768767246807
2023-06-29,0.001796565389696,0.5,0.000898282694848,1.5196710483578744,0.5,0.000898282694848,1.5885985679037615,1.0676916145745425
2023-06-30,0.0231024843082441,0.5,0.01155124215412205,1.5372251366320646,0.5,0.01155124215412205,1.6069488546473092,1.0923579433462947
2023-07-03,-0.0077847089756147,0.5,-0.00389235448780735,1.5312417114727246,0.5,-0.00389235448780735,1.600694040061246,1.0838542546601428
2023-07-05,-0.0058713498908864,0.5,-0.0029356749454432,1.5267464835449365,0.5,-0.0029356749454432,1.5959949226725179,1.0774905671003072
2023-07-06,0.002508754507918,0.5,0.001254377253959,1.5286615996064572,0.5,0.001254377253959,1.5979969024009524,1.0801937264177592
2023-07-07,-0.0058912465460612,0.5,-0.0029456232730306,1.5241587384220683,0.5,-0.0029456232730306,1.5932898055350093,1.0738300388579236
2023-07-10,-0.0108558842039018,0.5,-0.0054279421019509,1.5158856930357307,0.5,-0.0054279421019509,1.5846415207189368,1.0621726643014107
2023-07-11,-0.0028100312814802,0.5,-0.0014050156407401,1.5137558499274413,0.5,-0.0014050156407401,1.5824150745973604,1.0591879258883905
2023-07-12,0.0089855380689067,-1.0,-0.0097355380689067,1.4990186222234425,-1.0,-0.0097355380689067,1.567009412397806,1.068705299318587
2023-07-13,0.00405754334194,-1.0,-0.00405754334194,1.4929362891933957,-1.0,-0.00405754334194,1.560651203789774,1.0730416173903332
2023-07-14,0.0007872362758476,-1.0,-0.0007872362758476,1.4917609955890132,-1.0,-0.0007872362758476,1.5594226025482054,1.0738863546770372
2023-07-17,0.017305574492632,0.5,0.007902787246315999,1.5035500653595057,0.5,0.007902787246315999,1.5717463876032403,1.0924705749845218
2023-07-18,-0.0013402752719213,0.5,-0.00067013763596065,1.5025424798731573,0.5,-0.00067013763596065,1.570693101194722,1.0910063636875684
2023-07-19,0.007071697723636,0.5,0.003535848861818,1.50785524299045,0.5,0.003535848861818,1.5762468346088467,1.0987216309061303
2023-07-20,-0.01009738595592,0.5,-0.00504869297796,1.500242544813384,0.5,-0.00504869297796,1.5682888482834254,1.0876274145407532
2023-07-21,-0.0061616527727437,0.5,-0.00308082638637185,1.4956205579953652,0.5,-0.00308082638637185,1.563457222618181,1.080925832066236
2023-07-24,0.004220068771491,0.5,0.0021100343857455,1.4987763688007631,0.5,0.0021100343857455,1.5667561711185476,1.0854874134144368
2023-07-25,0.0045136186770429,0.5,0.00225680933852145,1.5021588213062278,0.5,0.00225680933852145,1.5702920410767138,1.0903868896773192
2023-07-26,0.0045449850222083,0.5,0.00227249251110415,1.5055724659781353,0.5,0.00227249251110415,1.5738605179803071,1.095342681759315
2023-07-27,-0.0065809768637532,0.5,-0.0032904884318766,1.5006183971954823,0.5,-0.0032904884318766,1.5686817481525055,1.0881342569127757
2023-07-28,0.0135079184349446,0.5,0.0067539592174723,1.5107535126511293,0.5,0.0067539592174723,1.5792765607047208,1.1028326857014226
2023-07-31,0.0031660113363629,0.5,0.00158300566818145,1.513145044024881,0.5,0.00158300566818145,1.5817765644519424,1.106324266486465
2023-08-01,-0.0043013489437515,0.5,-0.00215067447187575,1.5098907616064514,0.5,-0.00215067447187575,1.5783746779745642,1.1015655797713668
2023-08-02,-0.0154648398558318,0.5,-0.0077324199279159,1.4982156521924297,0.5,-0.0077324199279159,1.5661700221608759,1.084530044489506
2023-08-03,-0.0073216325682834,0.5,-0.0036608162841417,1.4927309599357277,0.5,-0.0036608162841417,1.5604365614400146,1.0765895139944899
2023-08-04,-0.048020086833708,0.5,-0.024010043416854,1.4568904247779888,0.5,-0.024010043416854,1.5229704118505936,1.0248915920482151
2023-08-07,-0.0172536952579812,0.5,-0.0086268476289906,1.4443220530712937,1.0,-0.0175036952579812,1.4963128018746386,1.007208424846548
2023-08-08,0.0053117137265865,0.5,0.00265585686329325,1.4481579657087489,1.0,0.0053117137265865,1.5042607871236233,1.0125584276623392
2023-08-09,-0.0089543937708566,-1.0,0.0082043937708566,1.4600392239018263,1.0,-0.0089543937708566,1.4907910437016596,1.003491580785051
2023-08-10,-0.0012346371850272,0.5,-0.0013673185925136,1.458042885125186,0.5,-0.0008673185925136,1.4894980529119044,1.002252632764552
2023-08-11,-0.0010114064168118,0.5,-0.0005057032084059,1.4573055481601849,0.5,-0.0005057032084059,1.4887448089676325,1.0012389480205073
2023-08-14,0.0093931042240846,0.5,0.0046965521120423,1.4641498596102875,0.5,0.0046965521120423,1.4957367765444816,1.0106436898124769
2023-08-15,-0.0112002674690739,0.5,-0.00560013373453695,1.4559504245890664,0.5,-0.00560013373453695,1.4873604505641673,0.9993242101706454
2023-08-16,-0.0049591434206818,-1.0,0.0042091434206818,1.4620787287395645,-1.0,0.0042091434206818,1.493620964018842,0.9943684180886496
2023-08-17,-0.0145551339412131,0.5,-0.00802756697060655,1.4503417938283083,0.5,-0.00802756697060655,1.4816308217014789,0.9798952525764572
2023-08-18,0.0028160919540229,-1.0,-0.0035660919540229,1.445169741626754,-1.0,-0.0035660919540229,1.476347189949377,0.9826547277130231
2023-08-21,0.0077368330563356,0.5,0.0031184165281678,1.4496763828350507,0.5,0.0031184165281678,1.4809510554278291,0.9902573632933577
2023-08-22,0.0079049135577797,-1.0,-0.008654913557779701,1.4371295590548587,-1.0,-0.008654913557779701,1.4681335520597987,0.9980852621501466
2023-08-23,0.0219488799864584,0.5,0.010224439993229199,1.451823403993911,0.5,0.010224439993229199,1.4831443954648804,1.019992115785333
2023-08-24,-0.0261704946996467,0.5,-0.01308524734982335,1.4328259356443882,0.5,-0.01308524734982335,1.4637370841947184,0.9932984175254916
2023-08-25,0.0126431568205012,0.5,0.0063215784102506,1.4418836571448048,0.5,0.0063215784102506,1.472990212944447,1.005856845187822
2023-08-28,0.008846089244723,0.5,0.0044230446223615,1.44826117290061,0.5,0.0044230446223615,1.479505314384602,1.0147547446077692
2023-08-29,0.0218103113380321,0.5,0.01090515566901605,1.464054686440483,0.5,0.01090515566901605,1.4956395501511026,1.0368868615194098
2023-08-30,0.0191722789485118,0.5,0.0095861394742559,1.4780893188626394,0.5,0.0095861394742559,1.5099769594820642,1.0567663456665068
2023-08-31,0.0011723954169997,0.5,0.00058619770849985,1.4789557714343147,0.5,0.00058619770849985,1.5108621045156,1.058005293687006
2023-09-01,0.0084632990897961,1.0,0.0082132990897961,1.4911028775256847,1.0,0.0082132990897961,1.5232712668634254,1.0669595089260666
2023-09-05,0.0012667581547554,0.5,0.00038337907737770005,1.4916745351711458,0.5,0.00038337907737770005,1.5238552571963115,1.0683110885847926
2023-09-06,-0.0357933579335792,0.5,-0.0178966789667896,1.4649785148922527,0.5,-0.0178966789667896,1.4965833088664147,1.0300726474066655
2023-09-07,-0.0292493576075665,-1.0,0.0284993576075665,1.5067294614755686,-1.0,0.0284993576075665,1.5392349717753138,0.9999436841808952
2023-09-08,0.0034917774273486,-1.0,-0.0034917774273486,1.501468297552867,-1.0,-0.0034917774273486,1.5338603058454832,1.003435264965938
2023-09-11,0.0066225165562914,-1.0,-0.0066225165562914,1.4915247988935765,-1.0,-0.0066225165562914,1.5237022905749833,1.0100805316213415
2023-09-12,-0.0170606601248884,0.5,-0.0092803300624442,1.4776829564635234,0.5,-0.0092803300624442,1.5095618304015452,0.9928478909725832
2023-09-13,-0.0118547929665343,-1.0,0.0111047929665343,1.4940923197652272,-1.0,0.0111047929665343,1.5263252019983369,0.9810778847778431
2023-09-14,0.008782503874634,0.5,0.003641251937317,1.4995326863191027,0.5,0.003641251937317,1.5318829365970892,0.9896942051022223
2023-09-15,-0.0041538636622283,0.5,-0.00207693183111415,1.4964182591510906,0.5,-0.00207693183111415,1.52870132016453,0.9855831503069303
2023-09-18,0.0169133192389006,0.5,0.0084566596194503,1.5090729590170615,0.5,0.0084566596194503,1.5416290268889656,1.002252632764553
2023-09-19,0.0061808169916277,0.5,0.00309040849581385,1.513736610910411,0.5,0.00309040849581385,1.5463932903310567,1.0084473728670478
2023-09-20,-0.0199921818283351,0.5,-0.00999609091416755,1.4986051621276466,0.5,-0.00999609091416755,1.5309354024118487,0.9882863096243829
2023-09-21,-0.0088893954071457,-1.0,0.0081393954071457,1.5108029021013931,-1.0,0.0081393954071457,1.5433962909948762,0.979501041842663
2023-09-22,0.0049445179095037,0.5,0.0017222589547518498,1.5134048959284023,0.5,0.0017222589547518498,1.546054419077773,0.9843442022864316
2023-09-25,0.0073802849133246,0.5,0.0036901424566623,1.5189895755889882,0.5,0.0036901424566623,1.551759580129922,0.9916089429520848
2023-09-26,-0.0233984552476147,0.5,-0.01169922762380735,1.501218570785982,0.5,-0.01169922762380735,1.5336051915845583,0.9684068254772858
2023-09-27,-0.0088974180041869,0.5,-0.00444870900209345,1.4945400862160165,0.5,-0.00444870900209345,1.5267826283630987,0.9597905051529068
2023-09-28,0.0015255530129671,0.5,0.00076277650648355,1.4956800862817798,0.5,0.00076277650648355,1.5279472222825212,0.96125471644986
2023-09-29,0.0030464584920031,0.5,0.00152322924600155,1.4979583499318663,0.5,0.00152322924600155,1.5302746361778488,0.9641831390437667
2023-10-02,0.0148355820337595,0.5,0.00741779101687975,1.509069891923651,0.5,0.00741779101687975,1.5416258936274478,0.9784873570986183
2023-10-03,-0.0077697841726618,0.5,-0.0038848920863309,1.5032073182427965,0.5,-0.0038848920863309,1.5356368433932117,0.9708847215182838
2023-10-04,0.0073085846867748,-1.0,-0.0080585846867748,1.4910935947669572,-1.0,-0.0080585846867748,1.523261783842596,0.977980514726596
2023-10-05,0.0071979730507889,0.5,0.0028489865253944497,1.4953417003265503,0.5,0.0028489865253944497,1.5276015361394117,0.9850199921157947
2023-10-06,0.0147504430850151,0.5,0.00737522154250755,1.5063701766482087,0.5,0.00737522154250755,1.538867935897115,0.9995494734471009
2023-10-09,0.0084511803481885,0.5,0.00422559017409425,1.512735479665202,0.5,0.00422559017409425,1.5453705611262702,1.0079968463141393
2023-10-10,-0.0033521425777978,0.5,-0.0016760712888989,1.5102000271600364,0.5,-0.0016760712888989,1.5427804098980569,1.0046178971673239
2023-10-11,0.0079040304949831,0.5,0.00395201524749155,1.516168360694135,0.5,0.00395201524749155,1.548877501601505,1.0125584276623403
2023-10-12,0.0050611790878754,0.5,0.0025305895439377,1.5200051604945568,0.5,0.0025305895439377,1.5527970748118984,1.0176831672016768
2023-10-13,-0.0102927342150407,0.5,-0.00514636710752035,1.5121826559333265,0.5,-0.00514636710752035,1.5448058110214327,1.0072084248465492
2023-10-16,-0.0007268660889012,0.5,-0.0003634330444506,1.5116330787869152,0.5,-0.0003634330444506,1.5442443775424481,1.0064763191980726
2023-10-17,-0.0087846911369739,0.5,-0.00439234556848695,1.5049934639321272,0.5,-0.00439234556848695,1.5374615225940886,0.9976347355972391
2023-10-18,-0.0073948631103584,-1.0,0.0066448631103584,1.5149939394819403,-1.0,0.0066448631103584,1.5476777439491696,0.9902573632933589
2023-10-19,-0.0021610555050045,0.5,-0.00183052775250225,1.512220701030846,0.5,-0.00183052775250225,1.5448446768869406,0.9881173621670426
2023-10-20,-0.0147042060868575,0.5,-0.00735210304342875,1.5011026986124612,0.5,-0.00735210304342875,1.5334868196363756,0.9735878808357363
2023-10-23,0.0006941230911614,-1.0,-0.0014441230911613999,1.4989349215431902,-1.0,-0.0014441230911613999,1.5312722759101471,0.9742636706650993
2023-10-24,0.002543352601156,0.5,0.000521676300578,1.499716880367868,0.5,0.000521676300578,1.5320711043662216,0.9767415667060972
2023-10-25,-0.0134916974169742,0.5,-0.0067458487084871,1.4896000171873423,0.5,-0.0067458487084871,1.5217359844855225,0.9635636650335172
2023-10-26,-0.0246054938632379,0.5,-0.01230274693161895,1.4712738451465512,0.5,-0.01230274693161895,1.503014451771659,0.939854705186696
2023-10-27,0.0079693211097131,0.5,0.00398466055485655,1.4771363720026989,0.5,0.00398466055485655,1.509003454171013,0.9473447091288035
2023-10-30,0.0123053144691474,0.5,0.0061526572345737,1.486224685788353,0.5,0.0061526572345737,1.5182878351903146,0.9590020836853165
2023-10-31,0.0028187210053438,0.5,0.0014093605026719,1.4883193121585991,0.5,0.0014093605026719,1.5204276500969192,0.9617052430027688
2023-11-01,0.0187386543303857,0.5,0.00936932716519285,1.5022638627204878,0.5,0.00936932716519285,1.5346730341816825,0.9797263051191174
2023-11-02,0.0206932229694774,0.5,0.0103466114847387,1.5178072032556194,0.5,0.0103466114847387,1.5505516998224653,1.0000000000000095
2023-11-03,-0.0051810553584501,0.5,-0.00259052767922505,1.5138752816838585,0.5,-0.00259052767922505,1.5465349527260057,0.9948189446415594
2023-11-06,0.0146051514293801,0.5,0.00730257571469005,1.5249304705509528,1.0,0.0143551514293801,1.5687356961632166,1.0093484259728656
2023-11-07,0.0144507057970206,1.0,0.0142007057970206,1.546585559524159,1.0,0.0144507057970206,1.5914050341817556,1.0239342231232853
2023-11-08,0.0058849411505883,0.5,0.0026924705752941498,1.5507496956353528,1.0,0.0058849411505883,1.6007703591546654,1.0299600157684392
2023-11-09,-0.0026245284050521,0.5,-0.00131226420252605,1.5487147023226924,0.5,-0.00156226420252605,1.5982695329260932,1.027256856450987
2023-11-10,0.0218738007784662,0.5,0.0109369003892331,1.5656528407533363,0.5,0.0109369003892331,1.615749647602852,1.0497268682773093
2023-11-13,-0.0085836909871244,0.5,-0.0042918454935622,1.5589333006642663,0.5,-0.0042918454935622,1.608815099759063,1.040716337219135
2023-11-14,0.0142857142857142,0.5,0.0071428571428571,1.570068538526154,0.5,0.0071428571428571,1.6203066361859133,1.0555837134651227
2023-11-15,0.0030409731113956,0.5,0.0015204865556978,1.5724558066305068,0.5,0.0015204865556978,1.6227702906423418,1.0587937151545972
2023-11-16,0.0090420722302007,0.5,0.00452103611510035,1.5795649361216824,0.5,0.00452103611510035,1.6301068937328476,1.0683674044039075
2023-11-17,-0.0001054240683148,0.5,-5.27120341574e-05,1.5794816740408157,0.5,-5.27120341574e-05,1.630020967482585,1.0682547727656804
2023-11-20,0.0092782961674309,0.5,0.00463914808371545,1.5868091234222057,0.5,0.00463914808371545,1.6375828761302977,1.078166356929672
2023-11-21,-0.0042308696787672,1.0,-0.004480869678767201,1.579698838535072,1.0,-0.004480869678767201,1.6302450806741773,1.0736047755814713
2023-11-22,0.0035144775493076,0.5,0.0015072387746538,1.5820798218767878,0.5,0.0015072387746538,1.6327022492719578,1.0773779354620818
2023-11-24,-0.0070043385081804,0.5,-0.0035021692540902,1.5765391105670943,0.5,-0.0035021692540902,1.6269842496534737,1.069831615700861
2023-11-27,-0.0009475180291624,0.5,-0.0004737590145812,1.5757922109516231,0.5,-0.0004737590145812,1.6262134511986186,1.0688179309568164
2023-11-28,0.0032140787185837,0.5,0.00160703935929185,1.5783245710566878,0.5,0.00160703935929185,1.6288268402213044,1.0722531959227455
2023-11-29,-0.0054096638655461,0.5,-0.00270483193277305,1.5740554683566133,0.5,-0.00270483193277305,1.624421137370916,1.066452666554046
2023-11-30,0.003062787136294,0.5,0.001531393568147,1.576465966776761,0.5,0.001531393568147,1.6269087654526477,1.0697189840626342
2023-12-01,0.0067912608581206,0.5,0.0033956304290603,1.5818190625839263,0.5,0.0033956304290603,1.6324331463619237,1.0769837247282874
2023-12-04,-0.0094645471658648,0.5,-0.0047322735829324,1.5743334620210816,0.5,-0.0047322735829324,1.624708026107492,1.0667905614687279
2023-12-05,0.0210631895687061,0.5,0.01053159478435305,1.590913704098535,0.5,0.01053159478435305,1.6418187926813421,1.0892605732950502
2023-12-06,-0.0056871057801675,0.5,-0.00284355289008375,1.5863898568373718,0.5,-0.00284355289008375,1.6371501941084192,1.0830658331925553
2023-12-07,0.0101393510815308,0.5,0.0050696755407654,1.5944323386926984,0.5,0.0050696755407654,1.6454500144040498,1.0940474179197055
2023-12-08,0.0074123642353425,0.5,0.00370618211767125,1.600341595314198,0.5,0.00370618211767125,1.651548351822956,1.1021568958720624
2023-12-11,-0.0129272903786213,0.5,-0.00646364518931065,1.5899975550603915,0.5,-0.00646364518931065,1.6408733292637816,1.0879089936363244
2023-12-12,0.0079200745418781,0.5,0.00396003727093905,1.5962940046391325,0.5,0.00396003727093905,1.647371248804556,1.0965253139607039
2023-12-13,0.0166914899080683,0.5,0.00834574495403415,1.6096162672735044,0.5,0.00834574495403415,1.6611197890916873,1.1148279551726203
2023-12-14,0.0007577288341078,1.0,0.0005077288341078,1.610433515864248,1.0,0.0005077288341078,1.6619631875055163,1.115672692459324
2023-12-15,-0.0027257584170411,0.5,-0.00161287920852055,1.6078360811298058,0.5,-0.00161287920852055,1.6592826416350621,1.1126316382271901
2023-12-18,-0.00850331528066,0.5,-0.00425165764033,1.601000112571072,0.5,-0.00425165764033,1.6522279399142874,1.1031705806161072
2023-12-19,0.0053601511052121,0.5,0.00268007555260605,1.6052909138324931,0.5,0.00268007555260605,1.6566560356233841,1.1090837416230341
2023-12-20,-0.0107139230222401,1.0,-0.0109639230222401,1.587690627824932,1.0,-0.0109639230222401,1.63849258637448,1.097201103790067
2023-12-21,-0.0007699019658163,0.5,-0.0006349509829081501,1.5866825221002407,0.5,-0.0006349509829081501,1.6374522238962739,1.0963563665033633
2023-12-22,-0.0055475652352579,0.5,-0.00277378261762895,1.5822814097007434,0.5,-0.00277378261762895,1.6329102873804324,1.0902742580390956
2023-12-26,-0.0028409090909089,0.5,-0.00142045454545445,1.580033850880146,0.5,-0.00142045454545445,1.6305908125404036,1.0871768879878483
2023-12-27,0.0005180005180005,0.5,0.00025900025900025,1.5804430800567528,0.5,0.00025900025900025,1.6310131359831748,1.0877400461789841
2023-12-28,0.0022262490292519,0.5,0.00111312451462595,1.5822023099931348,0.5,0.00111312451462595,1.6328286566885144,1.0901616264008684
2023-12-29,-0.00542411406137,0.5,-0.002712057030685,1.577911287094352,0.5,-0.002712057030685,1.6284003322502383,1.0842484653939415
2024-01-02,-0.0357866306549629,-1.0,0.0350366306549629,1.633195982066574,-1.0,0.0350366306549629,1.6854539932497088,1.045446866024678
2024-01-03,-0.0074876104287868,-1.0,0.0074876104287868,1.6454247173341485,-1.0,0.0074876104287868,1.6980740161468058,1.0376189671678893
2024-01-04,-0.0127001356852103,0.5,-0.0071000678426051496,1.6337420902111766,0.5,-0.0071000678426051496,1.6860175754303983,1.0244410654953093
2024-01-05,-0.0040129734484084,0.5,-0.0020064867242042,1.6304640083963942,0.5,-0.0020064867242042,1.6826346035485222,1.0203300107000175
2024-01-08,0.0241748537366155,0.5,0.01208742686830775,1.6501721228592936,0.5,0.01208742686830775,1.702973326264999,1.0449963394717698
2024-01-09,-0.0022634188402673,0.5,-0.00113170942013365,1.6483046075230119,0.5,-0.00113170942013365,1.7010460553094287,1.042631075068999
2024-01-10,0.0056713838176516,0.5,0.0028356919088258,1.652978691561845,0.5,0.0028356919088258,1.7058696978450094,1.048544236075926
2024-01-11,-0.0032225146355873,0.5,-0.00161125731779365,1.650315317548909,0.5,-0.00161125731779365,1.7031211028111541,1.0451652869291106
2024-01-12,0.0017781130448837,0.5,0.00088905652244185,1.6517825411460614,0.5,0.00088905652244185,1.7046352737361166,1.0470237089598589
2024-01-16,-0.0123171256454388,0.5,-0.0061585628227194,1.6416099345969422,0.5,-0.0061585628227194,1.6941371703129893,1.0341273863828468
2024-01-17,-0.0051734466045852,-1.0,0.004423446604585201,1.6488715084881882,-1.0,0.004423446604585201,1.7016310956267118,1.028777383567056
2024-01-18,0.0325706152835558,0.5,0.0155353076417779,1.6744872346343147,0.5,0.0155353076417779,1.7280664581900884,1.0622852959396418
2024-01-19,0.0155330541271272,0.5,0.0077665270635636,1.687492185059694,0.5,0.0077665270635636,1.7414875331052582,1.0787858309399236
2024-01-22,0.0121632908749216,0.5,0.0060816454374608,1.697754914207713,0.5,0.0060816454374608,1.7520786428153627,1.09190741679339
2024-01-23,0.0066532570013926,0.5,0.0033266285006963,1.7034027140925136,0.5,0.0033266285006963,1.7579071575640137,1.0991721574590432
2024-01-24,-0.0034839635208525,0.5,-0.00174198176042625,1.7004354176339038,0.5,-0.00174198176042625,1.7548449153590144,1.0953426817593193
2024-01-25,-0.0016966580976864,0.5,-0.0008483290488432,1.6989928888734431,0.5,-0.0008483290488432,1.7533562294411005,1.0934842597285708
2024-01-26,-0.0090127208116599,0.5,-0.00450636040582995,1.6913366145892372,0.5,-0.00450636040582995,1.7454549743514318,1.0836289913836925
2024-01-29,-0.0035859058309947,0.5,-0.00179295291549735,1.6883041276750221,0.5,-0.00179295291549735,1.742325455766299,1.0797431998648548
2024-01-30,-0.0192458144265372,0.5,-0.0096229072132686,1.672057733706627,0.5,-0.0096229072132686,1.725559219570144,1.0589626626119404
2024-01-31,-0.0193575834928737,0.5,-0.00967879174643685,1.6558742351140614,0.5,-0.00967879174643685,1.7088578912377805,1.038463704454594
2024-02-01,0.0133405639913233,-1.0,-0.0140905639913233,1.6325420332426033,-1.0,-0.0140905639913233,1.6847791197692168,1.052317395956537
2024-02-02,-0.0054051161297229,-1.0,0.0054051161297229,1.6413661125189334,-1.0,0.0054051161297229,1.6938855465645015,1.0466294982260644
2024-02-05,0.0098466505246166,-1.0,-0.0098466505246166,1.625204154026011,1.0,0.008846650524616601,1.7088707600236568,1.0569352931238514
2024-02-06,0.0086317135549871,0.5,0.0035658567774935505,1.6309993992734555,1.0,0.0086317135549871,1.7236212429266742,1.0660584558202528
2024-02-07,0.0005810882197569,0.5,0.00029054410987845,1.6314732765421296,1.0,0.0005810882197569,1.7246228189262618,1.0666779298305022
2024-02-08,-0.0057547120004224,0.5,-0.0028773560002112,1.6267789471206868,0.5,-0.0031273560002112004,1.7192293094053916,1.060539505547121
2024-02-09,0.0028143585386575,-1.0,-0.0035643585386575,1.6209805236900088,-1.0,-0.0035643585386575,1.7131013597365021,1.0635242439601411
2024-02-12,-0.0090018533227428,0.5,-0.0052509266613714,1.6124688738406012,0.5,-0.0052509266613714,1.7041059901330302,1.053950554710831
2024-02-13,-0.0112743788405023,0.5,-0.00563718942025115,1.6033790813645028,0.5,-0.00563718942025115,1.6944996218744657,1.0420679168778635
2024-02-14,-0.0048097708603543,0.5,-0.00240488543017715,1.5995231383726785,0.5,-0.00240488543017715,1.690424544422379,1.0370558089767543
2024-02-15,-0.0015748031496062,0.5,-0.0007874015748031,1.59826367133459,0.5,-0.0007874015748031,1.6890935014740152,1.0354226502224604
2024-02-16,-0.0084303274230392,-1.0,0.007680327423039201,1.6105388596387884,-1.0,0.007680327423039201,1.7020662926134635,1.026693698259854
2024-02-20,-0.004113871976304,-1.0,0.004113871976304,1.6171644103202052,-1.0,0.004113871976304,1.709068375436458,1.022470011826335
2024-02-21,0.0041859440405374,-1.0,-0.0041859440405374,1.6103950505942561,-1.0,-0.0041859440405374,1.7019143108554289,1.0267500140789676
2024-02-22,0.0112439666520405,0.5,0.004871983326020251,1.6182408684290568,0.5,0.004871983326020251,1.7102060090002318,1.0382947569972536
2024-02-23,-0.0100341704181807,-1.0,0.0092841704181807,1.633264892429217,-1.0,0.0092841704181807,1.7260838530379867,1.0278763304612397
2024-02-26,-0.0074512382204691,0.5,-0.00447561911023455,1.6259550208645857,0.5,-0.00447561911023455,1.7183585591594626,1.0202173790617914
2024-02-27,0.008114374034003,0.5,0.0040571870170015,1.6325518244654658,0.5,0.0040571870170015,1.7253302611962376,1.0284958044714891
2024-02-28,-0.0066254175108142,0.5,-0.0033127087554071,1.627143655742903,0.5,-0.0033127087554071,1.719614744534004,1.0216815903587448
2024-02-29,-0.0036930878624186,0.5,-0.0018465439312093,1.6241390635001853,0.5,-0.0018465439312093,1.7164394003634666,1.0179084304781345
2024-03-01,-0.006030428769018,0.5,-0.003015214384509,1.6192419360334767,0.5,-0.003015214384509,1.7112639675933528,1.0117700061947532
2024-03-04,-0.0253812757430702,0.5,-0.0126906378715351,1.5986927229968724,0.5,-0.0126906378715351,1.689546936278019,0.9860899926789563
2024-03-05,-0.0284408909194745,0.5,-0.01422044545973725,1.5759586003226165,0.5,-0.01422044545973725,1.6655208262190113,0.9580447147603885
2024-03-06,-0.0058782036209734,0.5,-0.0029391018104867,1.571326697547156,0.5,-0.0029391018104867,1.6606256909432677,0.9524131328490296
2024-03-07,-0.0007095553453169,0.5,-0.00035477767265845,1.570769225918414,0.5,-0.00035477767265845,1.660036538025478,0.9517373430196666
2024-03-08,0.0102366863905325,0.5,0.00511834319526625,1.578808961897227,0.5,0.00511834319526625,1.668533174743774,0.9614799797263176
2024-03-11,0.0118315468868974,0.5,0.0059157734434487,1.5881488380262974,0.5,0.0059157734434487,1.6784038389884364,0.9728557751872627
2024-03-12,0.002778581765557,0.5,0.0013892908827785,1.5903552387274624,0.5,0.0013892908827785,1.6807356301395633,0.9755589345047149
2024-03-13,-0.0121226115568896,0.5,-0.0060613057784448,1.5807156093291836,0.5,-0.0060613057784448,1.6705481775525604,0.9637326124908611
2024-03-14,0.0109273651609886,0.5,0.0054636825804943,1.589352137668591,0.5,0.0054636825804943,1.6796755225301307,0.9742636706651023
2024-03-15,-0.0021965317919074,0.5,-0.0010982658959537,1.5876066064191285,0.5,-0.0010982658959537,1.6778307921874676,0.972123669538786
2024-03-18,0.0063723786351523,0.5,0.00318618931757615,1.5926650216290146,0.5,0.00318618931757615,1.6831766787342357,0.9783184096412809
2024-03-19,0.0135850794381764,0.5,0.0067925397190882,1.6034832620476323,0.5,0.0067925397190882,1.694609723178781,0.9916089429520881
2024-03-20,0.0147092230804177,1.0,0.0144592230804177,1.6266683842392948,1.0,0.0144592230804177,1.7191124632004677,1.0061947401025078
2024-03-21,-0.0408574466894273,0.5,-0.02067872334471365,1.593030958748018,0.5,-0.02067872334471365,1.683563412175496,0.9650841921495874
2024-03-22,0.0053101476337749,0.5,0.00265507381688745,1.5972605735360808,0.5,0.00265507381688745,1.6880333973102328,0.9702089316889241
2024-03-25,-0.0083004411423265,0.5,-0.00415022057116325,1.5906315898462833,0.5,-0.00415022057116325,1.6810276863799054,0.9621557695556807
2024-03-26,-0.0066725197541702,0.5,-0.0033362598770851,1.5853248294938551,0.5,-0.0033362598770851,1.675419341157567,0.9557357661767316
2024-03-27,0.0212126568852748,0.5,0.0106063284426374,1.6021393053237352,0.5,0.0106063284426374,1.6931893889690315,0.9760094610576239
2024-03-28,-0.0105591137268479,0.5,-0.00527955686342395,1.593680719758152,0.5,-0.00527955686342395,1.6842500993094234,0.9657036661598368
2024-04-01,-0.0084557965943549,0.5,-0.00422789829717745,1.586942799756842,0.5,-0.00422789829717745,1.6771292611825321,0.9575378723883664
2024-04-02,-0.0069987649238369,0.5,-0.00349938246191845,1.581389479955305,0.5,-0.00349938246191845,1.6712603444595797,0.9508362899138493
2024-04-03,0.0047974413646054,0.5,0.0023987206823027,1.5851827916076495,0.5,0.0023987206823027,1.675269231213347,0.95539787126205
2024-04-04,-0.0048924255820808,0.5,-0.0024462127910404,1.5813050971866818,0.5,-0.0024462127910404,1.6711711661915165,0.950723658275622
2024-04-05,0.0045018362753228,0.5,0.0022509181376614,1.5848644855111156,0.5,0.0022509181376614,1.6749328356806337,0.9550036605282548
2024-04-08,-0.0066635216417031,0.5,-0.00333176082085155,1.5795840961119307,0.5,-0.00333176082085155,1.6693523600811553,0.9486399729684191
2024-04-09,0.0072425051944196,-1.0,-0.0079925051944196,1.5669592620187336,-1.0,-0.0079925051944196,1.65601005267189,0.955510502900277
2024-04-10,-0.0111392703483231,0.5,-0.006319635174161549,1.5570566511500017,0.5,-0.006319635174161549,1.6455446732942596,0.9448668130878086
2024-04-11,0.0432709500536416,0.5,0.0216354750268208,1.590744311441303,0.5,0.0216354750268208,1.6811468139788355,0.9857520977642747
2024-04-12,0.0086265996343692,0.5,0.0043132998171846,1.5976056685890303,0.5,0.0043132998171846,1.6883981042242309,0.9942557864504268
2024-04-15,-0.021863494760691,0.5,-0.0109317473803455,1.580141047006607,0.5,-0.0109317473803455,1.6699409626713972,0.9725178802725811
2024-04-16,-0.01916729399502,0.5,-0.00958364699751,1.56499753300582,0.5,-0.00958364699751,1.6539368379784725,0.9538773441459829
2024-04-17,-0.0081473609635139,0.5,-0.00407368048175695,1.5586222331016164,0.5,-0.00407368048175695,1.6471992277635408,0.9461057611083077
2024-04-18,-0.0057142857142857,0.5,-0.00285714285714285,1.554169026721326,0.5,-0.00285714285714285,1.6424929442556448,0.9406994424734031
2024-04-19,-0.0122126436781608,0.5,-0.0061063218390804,1.5446787704518352,0.5,-0.0061063218390804,1.6324633537196012,0.9292110153742309
2024-04-22,0.005090909090909,0.5,0.0025454545454545,1.5486106800493487,0.5,0.0025454545454545,1.6366187149836144,0.9339415441797724
2024-04-23,0.0063917028461166,0.5,0.0031958514230583,1.5535598096949477,0.5,0.0031958514230583,1.6418491052328987,0.9399110210058128
2024-04-24,0.012702216896345,-1.0,-0.013452216896345001,1.5326609861734868,-1.0,-0.013452216896345001,1.6197625949582357,0.9518499746578938
2024-04-25,0.0051473198438052,-1.0,-0.0051473198438052,1.5247718898655298,-1.0,-0.0051473198438052,1.6114251588109538,0.9567494509207759
2024-04-26,-0.0034728353640589,0.5,-0.0024864176820294497,1.5209806700775068,0.5,-0.0024864176820294497,1.6074184828028193,0.9534268175930743
2024-04-29,0.0248080330773774,1.0,0.0245580330773774,1.5583329636833219,1.0,0.0245580330773774,1.6468935190726786,0.9770794616207821
2024-04-30,-0.0182708933717578,0.5,-0.009385446685878901,1.5437073127338243,0.5,-0.009385446685878901,1.6314366877521025,0.9592273469617743
2024-05-01,-0.0060470850701579,0.5,-0.00302354253507895,1.539039848012061,0.5,-0.00302354253507895,1.6265039695333956,0.9534268175930745
2024-05-02,0.022031896042528,0.5,0.011015948021264,1.5559938309804158,0.5,0.011015948021264,1.6444214527181549,0.9744326181224434
2024-05-03,0.0598162168410101,0.5,0.02990810842050505,1.602530663179015,0.5,0.02990810842050505,1.6936029878150538,1.0327194909050088
2024-05-06,-0.0091067728214635,0.5,-0.00455338641073175,1.5952337218345147,1.0,-0.0093567728214635,1.6777563294083164,1.0233147491130394
2024-05-07,0.0037972593693247,0.5,0.00189862968466235,1.5982624799327643,1.0,0.0037972593693247,1.6841272053496061,1.0272005406318772
2024-05-08,0.0018640350877192,1.0,0.0016140350877192,1.6008421316547607,1.0,0.0018640350877192,1.6872664775525603,1.0291152784817392
2024-05-09,0.0100142278647257,0.5,0.0047571139323628496,1.6084575200627689,0.5,0.0047571139323628496,1.6952929964205343,1.039421073379526
2024-05-10,-0.0082353578588069,0.5,-0.00411767892940345,1.601834408423566,0.5,-0.00411767892940345,1.6883123241700084,1.0308610688742603
2024-05-13,0.0176454520622779,0.5,0.00882272603113895,1.6159669545563387,0.5,0.00882272603113895,1.7032078412611558,1.0490510784479496
2024-05-14,0.0061735022546705,0.5,0.00308675112733525,1.6209550423750518,0.5,0.00308675112733525,1.7084652199852546,1.0555273976460127
2024-05-15,0.0122178946806807,0.5,0.00610894734034035,1.6308573713699803,0.5,0.00610894734034035,1.7189021440469476,1.0684237202230247
2024-05-16,0.0006325110689437,0.5,0.00031625553447185,1.6313731390396102,0.5,0.00031625553447185,1.719445756363218,1.069099510052388
2024-05-17,0.0001580278128949,0.5,7.901390644745e-05,1.6315020402041993,0.5,7.901390644745e-05,1.7195816164893527,1.0692684575097287
2024-05-20,0.0061621109179965,0.5,0.00308105545899825,1.6365287884715372,0.5,0.00308105545899825,1.72487974281603,1.0758574083460186
2024-05-21,0.006857202680067,0.5,0.0034286013400335,1.642139793268694,0.5,0.0034286013400335,1.7307936678136457,1.083234780649899
2024-05-22,-0.0075383415648556,1.0,-0.0077883415648556005,1.629350247661476,1.0,-0.0077883415648556005,1.7173136555504238,1.0750689868784287
2024-05-23,-0.0210581456259822,0.5,-0.0107790728129911,1.611787362704068,0.5,-0.0107790728129911,1.6988026066145019,1.0524300275947656
2024-05-24,0.0165881849315068,0.5,0.0082940924657534,1.6251556761254682,0.5,0.0082940924657534,1.7128926325148253,1.0698879315199783
2024-05-28,5.263711969694107e-05,0.5,2.6318559848470535e-05,1.625198447882393,0.5,2.6318559848470535e-05,1.712937713382088,1.069944247339092
2024-05-29,0.001579030475288,0.5,0.000789515237644,1.6264815668211916,0.5,0.000789515237644,1.7142901038079383,1.0716337219124996
2024-05-30,0.005255136896316,0.5,0.002627568448158,1.6307552584676817,0.5,0.002627568448158,1.7187945183956936,1.0772653038238584
2024-05-31,0.0050185582100477,0.5,0.00250927910502385,1.6348472785631625,0.5,0.00250927910502385,1.7231074535665334,1.0826716224587631
2024-06-03,0.0092587776332899,0.5,0.00462938881664495,1.642415622271465,0.5,0.00462938881664495,1.7310843879419517,1.0926958382609822
2024-06-04,0.0016492295005927,1.0,0.0013992295005927,1.6447137386623816,1.0,0.0013992295005927,1.7335065722855756,1.094497944472617
2024-06-05,0.0078209416002059,0.5,0.00366047080010295,1.6507341652772833,0.5,0.00366047080010295,1.7398520224752134,1.103057948977883
2024-06-06,-0.0070965436258744,0.5,-0.0035482718129372,1.6448769117679776,0.5,-0.0035482718129372,1.733678554585183,1.0952300501210939
2024-06-07,0.0123920197449609,0.5,0.00619600987248045,1.655068585352307,0.5,0.00619600987248045,1.7444204440251003,1.108802162527469
2024-06-10,-0.0191477474732083,0.5,-0.00957387373660415,1.639223167690724,0.5,-0.00957387373660415,1.727719582950453,1.0875710987216458
2024-06-11,0.072649130074565,0.5,0.0363245650372825,1.6987672362561261,0.5,0.0363245650372825,1.7904782453075234,1.1665821929380122
2024-06-12,0.0285783248853486,0.5,0.0142891624426743,1.7230411972472826,0.5,0.0142891624426743,1.816062679804797,1.1999211578532571
2024-06-13,0.0054911531421599,0.5,0.00274557657107995,1.7277719387894503,0.5,0.00274557657107995,1.8210488189500817,1.2065101086895473
2024-06-14,-0.0081684092606422,0.5,-0.0040842046303211,1.7207153646369076,0.5,-0.0040842046303211,1.813611282931685,1.1966548403446693
2024-06-17,0.0196715139535976,0.5,0.0098357569767988,1.73763990278972,0.5,0.0098357569767988,1.8314495227609815,1.2201948527341497
2024-06-18,-0.0109844463931323,0.5,-0.00549222319656615,1.7280963966083394,0.5,-0.00549222319656615,1.8213907932087336,1.2067916877851155
2024-06-20,-0.0215129030752717,0.5,-0.01075645153763585,1.7095082114658586,0.5,-0.01075645153763585,1.8017990914104878,1.1808300951737507
2024-06-21,-0.010444486837085,0.5,-0.0052222434185425,1.7005807434595868,0.5,-0.0052222434185425,1.7923896579638334,1.1684969307878748
2024-06-24,0.0031326810930645,0.5,0.00156634054653225,1.7032444320307194,0.5,0.00156634054653225,1.7951971505602873,1.172157459030258
2024-06-25,0.0044681464398963,0.5,0.00223407321994815,1.707049604803345,0.5,0.00223407321994815,1.7992077524388812,1.1773948302078219
2024-06-26,0.0199933036781938,0.5,0.0099966518390969,1.724114385374632,0.5,0.0099966518390969,1.8171938059262165,1.2009348425973023
2024-06-27,0.0039859320046893,0.5,0.00199296600234465,1.7275504867288367,0.5,0.00199296600234465,1.8208154114010986,1.2057216872219574
2024-06-28,-0.0162540868752918,0.5,-0.0081270434376459,1.7135106088824652,0.5,-0.0081270434376459,1.8060175654607067,1.1861237821704282
2024-07-01,0.0291045484759282,0.5,0.0145522742379641,1.7384460851725836,0.5,0.0145522742379641,1.832299228351871,1.2206453792870589
2024-07-02,0.016239907727797,0.5,0.0081199538638985,1.75256218717906,0.5,0.0081199538638985,1.8471774135509451,1.2404685476150425
2024-07-03,0.005811050074908,0.5,0.002905525037454,1.7576543004936036,0.5,0.002905525037454,1.8525444337746366,1.247676972461582
2024-07-05,0.0216204017151884,0.5,0.0108102008575942,1.7766548965201536,0.5,0.0108102008575942,1.8725708112013584,1.2746522498169914
2024-07-08,0.0065388353804012,0.5,0.0032694176902006,1.7824635234682182,0.5,0.0032694176902006,1.8786930273376534,1.2829869910458027
2024-07-09,0.0037749100166799,0.5,0.00188745500833995,1.7858278431727714,0.5,0.00188745500833995,1.882238975901235,1.2878301514895716
2024-07-10,0.0188035683050549,0.5,0.00940178415252745,1.8026178110878552,0.5,0.00940178415252745,1.8999353804761325,1.312045953708415
2024-07-11,-0.023220877328526,0.5,-0.011610438664263,1.7816886275571115,0.5,-0.011610438664263,1.8778762972750511,1.2815790955679631
2024-07-12,0.0130509293843652,0.5,0.0065254646921826,1.7933149737886989,0.5,0.0065254646921826,1.8901303127492062,1.2983048938446993
2024-07-15,0.0167432983430206,0.5,0.0083716491715103,1.808327977603274,0.5,0.0083716491715103,1.9059538206159794,1.3200428000225448
2024-07-16,0.0017918088737201,0.5,0.00089590443686005,1.8099480666617067,0.5,0.00089590443686005,1.9076613731003194,1.3224080644253156
2024-07-17,-0.0252959713823354,0.5,-0.0126479856911677,1.787055869412813,0.5,-0.0126479856911677,1.8835332993497533,1.2889564678718433
2024-07-18,-0.0205347780496329,0.5,-0.01026738902481645,1.76870747159247,0.5,-0.01026738902481645,1.8641943302241333,1.2624880328884562
2024-07-19,0.0005798911588901,0.5,0.00028994557944505,1.7692203005051894,0.5,0.00028994557944505,1.8647348451294081,1.2632201385369328
2024-07-22,-0.0015603406000623,-1.0,0.0008103406000623001,1.7706539715451433,-1.0,0.0008103406000623001,1.8662459154827675,1.2612490848679574
2024-07-23,0.0046883372030719,0.5,0.0015941686015359501,1.7734766925107655,0.5,0.0015941686015359501,1.8692210261239748,1.2671622458748844
2024-07-24,-0.0287542775876628,0.5,-0.0143771387938314,1.7479791719549131,0.5,-0.0143771387938314,1.8423469759950424,1.2307259109083917
2024-07-25,-0.0048046124279307,-1.0,0.0040546124279307,1.7550665500292855,-1.0,0.0040546124279307,1.8498169789404721,1.224812749901465
2024-07-26,0.0021610188974205,-1.0,-0.0021610188974205,1.7512738180484415,-1.0,-0.0021610188974205,1.8458194894922124,1.2274595933998036
2024-07-29,0.0012846393833731,-1.0,-0.0012846393833731,1.7490240627307063,-1.0,-0.0012846393833731,1.8434482770814131,1.2290364363349842
2024-07-30,0.0025659824046921,0.5,0.0005329912023460501,1.749956277168833,0.5,0.0005329912023460501,1.8444308187950773,1.2321901222053453
2024-07-31,0.0149908592321754,0.5,0.0074954296160877,1.7630729512755827,0.5,0.0074954296160877,1.8582556201790987,1.2506617108746028
2024-08-01,-0.016750720461095,0.5,-0.0083753602305475,1.7483065801959152,0.5,-0.0083753602305475,1.8426920599596592,1.2297122261643474
2024-08-02,0.0068693899981682,0.5,0.0034346949990841,1.7543114800637798,0.5,0.0034346949990841,1.8490211451628544,1.2381595990313858
2024-08-05,-0.0481670153734195,-1.0,0.0474170153734195,1.8374956944837304,1.0,-0.0484170153734195,1.7594970599517268,1.1785211465900942
2024-08-06,-0.0097481722177092,-1.0,0.0097481722177092,1.8554079189628572,1.0,-0.0097481722177092,1.7423451795947644,1.1670327194909218
2024-08-07,0.0124981904164456,-1.0,-0.0124981904164456,1.8322186774914784,1.0,0.0124981904164456,1.764121341420516,1.1816185166413418
2024-08-08,0.0166333047373941,0.5,0.0075666523686970496,1.8460824392874902,0.5,0.008066652368697049,1.7783518950179547,1.2012727375119847
2024-08-09,0.0137358773615865,0.5,0.00686793868079325,1.858761220280206,0.5,0.00686793868079325,1.7905655067858104,1.2177732725122667
2024-08-12,0.0059655937846836,0.5,0.0029827968923418,1.8643055274716631,0.5,0.0029827968923418,1.7959064000149854,1.2250380131779197
2024-08-13,0.0171930308463201,0.5,0.00859651542316005,1.8803320586920558,0.5,0.00859651542316005,1.811344937081266,1.2461001295264025
2024-08-14,0.0020337144664888,0.5,0.0010168572332444,1.8822440879468378,0.5,0.0010168572332444,1.8131868162824376,1.248634341386514
2024-08-15,0.0135305791087858,0.5,0.0067652895543929,1.8949780142138422,0.5,0.0067652895543929,1.825453550110796,1.2655290871205909
2024-08-16,0.0059184763260946,0.5,0.0029592381630473,1.9005857054716393,0.5,0.0029592381630473,1.8308555019211539,1.2730190910626982
2024-08-19,-0.0007078080070781,0.5,-0.00035390400353905,1.8999130805814037,0.5,-0.00035390400353905,1.8302075548291223,1.2721180379568806
2024-08-20,0.0027446987471777,0.5,0.00137234937358885,1.902520425107413,0.5,0.00137234937358885,1.8327192390205298,1.275609618741923
2024-08-21,-0.0004856297735198,0.5,-0.0002428148867599,1.902058464825832,0.5,-0.0002428148867599,1.8322742275060444,1.2749901447316736
2024-08-22,-0.0082597173144876,0.5,-0.0041298586572438,1.8942032322082873,0.5,-0.0041298586572438,1.8247071939251338,1.2644590865574323
2024-08-23,0.0102881574845232,1.0,0.0100381574845232,1.913217542560887,1.0,0.0100381574845232,1.8430238921008968,1.2774680407726717
2024-08-26,0.0014988538176687,1.0,0.0014988538176687,1.9160851759785853,1.0,0.0014988538176687,1.845786315497627,1.2793827786225338
2024-08-27,0.0037415265428295,0.5,0.00162076327141475,1.9191906964567136,0.5,0.00162076327141475,1.8487778981646654,1.284169623247189
2024-08-28,-0.0067534973468402,0.5,-0.0033767486734201,1.9127100718184131,0.5,-0.0033767486734201,1.8425350398495894,1.2754969871036965
2024-08-29,0.0145701796988828,0.5,0.0072850898494414,1.9266443365475419,0.5,0.0072850898494414,1.8559580731656378,1.2940812074111812
2024-08-30,-0.0034379215805735,0.5,-0.00171896079028675,1.9233325104761885,0.5,-0.00171896079028675,1.8527677540094498,1.2896322577012076
2024-09-03,-0.0272052401746724,0.5,-0.0136026200873362,1.8971701490345585,0.5,-0.0136026200873362,1.8275652581415922,1.2545475023934411
2024-09-04,-0.0086187547694932,-1.0,0.007868754769493199,1.9120985156933141,-1.0,0.007868754769493199,1.8419459209831537,1.2437348651236317
2024-09-05,0.0069277790355444,-1.0,-0.0069277790355444,1.8988519196823983,-1.0,-0.0069277790355444,1.82918532664716,1.252351185448011
2024-09-06,-0.0070150193362712,-1.0,0.0070150193362712,1.912172402615686,-1.0,0.0070150193362712,1.8420170970832135,1.243565917666291
2024-09-09,0.0004075717779186,-1.0,-0.0004075717779186,1.911393055109865,-1.0,-0.0004075717779186,1.8412663428999987,1.2440727600383132
2024-09-10,-0.0036213842741387,0.5,-0.00256069213706935,1.9064985659427962,0.5,-0.00256069213706935,1.8365514266534844,1.239567494509226
2024-09-11,0.0115851165326426,0.5,0.0057925582663213,1.9175420699706776,0.5,0.0057925582663213,1.84718975780147,1.2539280283831913
2024-09-12,0.0004940267672686,0.5,0.0002470133836343,1.918015728525642,0.5,0.0002470133836343,1.8476460383937592,1.254547502393441
2024-09-13,-0.00121201238946,0.5,-0.00060600619473,1.916853399112566,0.5,-0.00060600619473,1.8465263534488243,1.253026975277374
2024-09-16,-0.0277752808988764,0.5,-0.0138876404494382,1.8902328283114072,0.5,-0.0138876404494382,1.8208824593717148,1.2182237990651754
2024-09-17,0.0021727071005916,0.5,0.0010863535502958,1.892286289455329,0.5,0.0010863535502958,1.8228605814961247,1.220870642563514
2024-09-18,0.0179897596752618,0.5,0.0089948798376309,1.9093071772473762,0.5,0.0089948798376309,1.8392569933874363,1.2428338120178142
2024-09-19,0.0370655670850514,0.5,0.0185327835425257,1.9446919538794927,0.5,0.0185327835425257,1.8733435451249623,1.2889001520527308
2024-09-20,-0.0029274260497226,0.5,-0.0014637130248613,1.9418454829372565,0.5,-0.0014637130248613,1.870601507777923,1.2851269921721202
2024-09-23,-0.0075810692375108,0.5,-0.0037905346187554,1.9344848504099088,0.5,-0.0037905346187554,1.8635109280047946,1.2753843554654694
2024-09-24,0.0039740362961981,1.0,0.0037240362961981,1.9416889422072807,1.0,0.0037240362961981,1.8704507103390462,1.2804527791856926
2024-09-25,-0.0043981176056647,0.5,-0.0024490588028323497,1.9369336318110058,0.5,-0.0024490588028323497,1.8658698665616265,1.2748211972743337
2024-09-26,0.0050801784688783,0.5,0.00254008923443915,1.941853616076992,0.5,0.00254008923443915,1.870609342522544,1.2812975164723965
2024-09-27,0.0011867088607593,0.5,0.00059335443037965,1.9430058235232397,0.5,0.00059335443037965,1.8717192768634392,1.2828180435884633
2024-09-30,0.0228719434566926,0.5,0.0114359717283463,1.9652259831890637,0.5,0.0114359717283463,1.8931242055970503,1.3121585853466438
2024-10-01,-0.0291416309012875,0.5,-0.01457081545064375,1.936591038069206,0.5,-0.01457081545064375,1.8655398421721492,1.2739201441685162
2024-10-02,0.0025197825029839,0.5,0.00125989125149195,1.9390309321757868,0.5,0.00125989125149195,1.8678902194986113,1.2771301458579907
2024-10-03,-0.0048946115177705,0.5,-0.00244730575888525,1.9342855306088163,0.5,-0.00244730575888525,1.8633189210074668,1.2708790899363822
2024-10-04,0.0050073115611291,0.5,0.00250365578056455,1.939128315758787,0.5,0.00250365578056455,1.8679840301950823,1.2772427774962178
2024-10-07,-0.0225308641975309,-1.0,0.0217808641975309,1.9813642062659163,-1.0,0.0217808641975309,1.908670336679918,1.2484653939291734
2024-10-08,0.0184040777662501,-1.0,-0.0184040777662501,1.944899025330534,-1.0,-0.0184040777662501,1.873543019373526,1.271442248127518
2024-10-09,0.0166984098861673,-1.0,-0.0166984098861673,1.9124223042183575,-1.0,-0.0166984098861673,1.8422578300966594,1.2926733119333413
2024-10-10,-0.0021782695826435,-1.0,0.0021782695826435,1.9165880755528053,-1.0,0.0021782695826435,1.8462707642913458,1.289857520977662
2024-10-11,-0.0065054139015018,0.5,-0.0040027069507509,1.9089165351410637,0.5,-0.0040027069507509,1.8388806834701488,1.281466463929737
2024-10-14,0.016479894528675,0.5,0.0082399472643375,1.924645906722648,0.5,0.0082399472643375,1.8540329633273518,1.3025848960973332
2024-10-15,0.0110246433203631,0.5,0.00551232166018155,1.935255174042455,0.5,0.00551232166018155,1.8642529893897917,1.3169454299712986
2024-10-16,-0.0088518280949325,0.5,-0.00442591404746625,1.9266899009822287,0.5,-0.00442591404746625,1.8560019658960203,1.3052880554147857
2024-10-17,0.0015963413581845,0.5,0.00079817067909225,1.928227728368896,0.5,0.00079817067909225,1.8574833722455362,1.3073717407219885
2024-10-18,0.0122765453370665,0.5,0.00613827266853325,1.9400637159326508,0.5,0.00613827266853325,1.868885111661646,1.3234217491693616
2024-10-21,0.0062978723404254,0.5,0.0031489361702127,1.9461728527402682,0.5,0.0031489361702127,1.8747701115877293,1.331756490398173
2024-10-22,-0.0026217861975641,0.5,-0.00131089309878205,1.9436216281785739,0.5,-0.00131089309878205,1.872312488386646,1.3282649096131305
2024-10-23,-0.0216229966929535,0.5,-0.01081149834647675,1.9226081661593448,0.5,-0.01081149834647675,1.852069985014366,1.2995438418651994
2024-10-24,-0.000823366267984,0.5,-0.000411683133992,1.9218166608040617,0.5,-0.000411683133992,1.8513075190385628,1.2984738413020414
2024-10-25,0.0036431452487313,0.5,0.00182157262436565,1.925317389422432,0.5,0.00182157262436565,1.8546798101345257,1.3032043701075828
2024-10-28,0.008599455511862,-1.0,-0.009349455511862,1.9073167201438128,-1.0,-0.009349455511862,1.8373395637609244,1.314411218111187
2024-10-29,0.0011568123393315,-1.0,-0.0011568123393315,1.905110312626937,-1.0,-0.0011568123393315,1.8352141066820238,1.3159317452272539
2024-10-30,-0.0152779560919245,-1.0,0.0152779560919245,1.934216504333524,-1.0,0.0152779560919245,1.8632524272231923,1.2958269978037023
2024-10-31,-0.0182094741416775,-1.0,0.0182094741416775,1.9694375697535909,-1.0,0.0182094741416775,1.8971812741161307,1.2722306695951082
2024-11-01,-0.0132796246292771,-1.0,0.0132796246292771,1.9955909614107141,-1.0,0.0132796246292771,1.9223751292900864,1.2553359238610313
2024-11-04,-0.004037503925351,-1.0,0.004037503925351,2.003648167750805,1.0,-0.005037503925351,1.9126911570302905,1.2502675001408083
2024-11-05,0.0064861943155714,-1.0,-0.0064861943155714,1.9906521163947346,1.0,0.0064861943155714,1.925097243540464,1.2583769780931653
2024-11-06,-0.0032669501006936,-1.0,0.0032669501006936,1.9971554775268365,1.0,-0.0032669501006936,1.9188080469068347,1.2542659232978735
2024-11-07,0.0213721264367816,-1.0,-0.0213721264367816,1.9544720181472222,-1.0,-0.0223721264367816,1.8758802306735212,1.2810722531959422
2024-11-08,-0.0022859152452961,-1.0,0.0022859152452961,1.9589397755300095,-1.0,0.0022859152452961,1.8801683338911672,1.2781438306020358
2024-11-11,-0.0120285512865704,-1.0,0.0120285512865704,1.982502983087275,-1.0,0.0120285512865704,1.9027840351227625,1.2627696119840257
2024-11-12,0.0,0.5,-0.00075,1.9810161058499594,0.5,-0.00075,1.9013569470964204,1.2627696119840257
2024-11-13,0.003969138830665,-1.0,-0.004719138830665,1.97166741582067,-1.0,-0.004719138830665,1.8923841796964231,1.2677817198851353
2024-11-14,0.0137704335465529,-1.0,-0.0137704335465529,1.9445167006952075,-1.0,-0.0137704335465529,1.8663252291053654,1.2852396238103483
2024-11-15,-0.0141091928840592,-1.0,0.0141091928840592,1.9719522618915903,-1.0,0.0141091928840592,1.8926575717471987,1.2671059300557723
2024-11-18,0.0134222222222222,1.0,0.012422222222222199,1.9964482911004213,1.0,0.012422222222222199,1.9161685846940137,1.2841133074280764
2024-11-19,0.001140250855188,0.5,0.000320125427594,1.9970874049632792,0.5,0.000320125427594,1.9167819989815311,1.2855775187250296
2024-11-20,0.003154021377256,0.5,0.001577010688628,2.0002368331470306,0.5,0.001577010688628,1.9198047846816946,1.289632257701208
2024-11-21,-0.0020960698689955,1.0,-0.0023460698689955,1.9955441377819292,1.0,-0.0023460698689955,1.9153007885219995,1.286929098383756
2024-11-22,0.0059075792053211,0.5,0.0027037896026605498,2.000939669273314,0.5,0.0027037896026605498,1.9204793588799727,1.2945317339640905
2024-11-25,0.0130508548309913,0.5,0.00652542741549565,2.0139966558479427,0.5,0.00652542741549565,1.9330113075393014,1.3114264796981674
2024-11-26,0.0094043887147334,1.0,0.0091543887147334,2.032433564105748,1.0,0.0091543887147334,1.9507068444384912,1.3237596440840436
2024-11-27,-0.0005530502850336,0.5,-0.0005265251425168,2.031363436733751,0.5,-0.0005265251425168,1.9496797482392147,1.323027538435567
