date,headline_hash,label
2024-11-27,cf7dc2b6075e86be76f5034fcd6e89936daa2441474c801dab506d508532c0f0,Positive
2024-11-26,5f5549b37541c06cc4bf6af5b54b9187b44c8aedfa093448b105a58c500373cb,Neutral
2024-11-26,077260e7d177f0c7dac18d49ac338610f672472faa0f3743da6f40602e2792d8,Positive
2024-11-26,ec756ac6377ef39aadcea49be677e7ff85ae30c0d44df461a6eadf68ba442d56,Positive
2024-11-26,7845053b2e656c463f2db8806c186be471c3b881fcb70b29dc3b305cdfb1e30a,Neutral
2024-11-25,7b2aae06e5e5c2fff630a0b94e562c05c8eb38dfcd8559ebec3736f45aeb855f,Neutral
2024-11-22,0107b7098d522fbf50732917cd4e2ec21a3bce04a29da1175475435aee5bb5fd,Positive
2024-11-22,ee9ce6f2635476dae309251c25e2ac7a4dee10e0b589be63acd775705717cfcd,Positive
2024-11-20,d09b38935cf538a278d1970aabc942676cfefe27af8d45d707f87dd3315650ad,Positive
2024-11-20,134b2f7024fef52e470ee4b2db561dd1ad7929728a0c51b1a307c61f23a0c20c,Positive
2024-11-19,1a129a837b938aaa4e83eeaa972e04afc1b101a40b8f4388e0b6f3530d65069c,Positive
2024-11-15,fbd78fc44e099fb0d6765de4009d03ab972fc08257703259995d3b44ed07e35d,Positive
2024-11-15,1b43b202175711e9557aa6a98f96fe9dc1566a70047afafa7124ae2f98e043a9,Positive
2024-11-14,15fa949d417ae14d135c2352e0b713f7a5cbf9d1307ac0b3355eece7e1606632,Positive
2024-11-14,47b6691d51142f5aaeee3af0fba6a8e6219d3a20009f9186a2f1c3d6442e2804,Positive
2024-11-13,02123d07e03af3d88ad94077739b53237faa004f62ef3248ef15bedfc8667b6b,Positive
2024-11-13,ce937cde21c25845d1a9a4c1dd5df2052fc7cf1008634611debfb68b5d7ec011,Positive
2024-11-12,80fe269dbf532f08917d8e03e0a4736bb5b452f8e1ab45ab5dadae26d2564246,Positive
2024-11-12,637c9edb0da834a0e0c4432a9b2750ecc617c033ad0f732c475b30abd4439810,Neutral
2024-11-11,f7a9c082ba14b50608eb9cea96c8c01aceff54496c73ddf8fd5f7ad824fa73ed,Positive
2024-11-11,93604fd5044a21a4db837b14b27df7a208060464973ed319a72e2c413f8b6684,Positive
2024-11-11,7abd234a9b04e576ac90b811d5a3074be6e7d59762cc8b86fb5f02a7c480e1c7,Positive
2024-11-08,5395764a38df0bbad016551216455890e7b9ecc5fb52f133ff0281347393be08,Neutral
2024-11-08,84b8ff8921fdcb16d6715da6b0c21648d588433656529e700ff8424921e3d05a,Positive
2024-11-07,7e4687c492cd9b6ac7d1e10bf5c18d424685fff38ce17ec195ca6def151dede3,Positive
2024-11-07,b770f39c4940e8b0da9b6e14504abc69e7879439a533588f74a5d3b2c706af04,Positive
2024-11-06,9c046df79c384500f27da9b9dde3530e5357ea297899f4a5b6c40386acf88f81,Positive
2024-11-06,98f68ed4cb18e12f63c3b0777a9c97b2a68795c79e4b24150cb5b654f7c2e993,Negative
2024-11-06,1d5a3d303f4c6c395eb9495efbef6919d3ff27d0cca6390b7d7c4f31ee81ba87,Positive
2024-11-06,d21360dba2611663090189a5db08fdd0a1a976e7d2d223450d16895d021c7806,Neutral
2024-11-06,7eabf74f0bd6935fb1a456e9fcf4c5c5276b63a63b67653688db5c90139e3cbb,Positive
2024-11-05,86b68940100b28d55937a1d26ee4e990c8f12d2038ca0425773d55e88c04ee4f,Positive
2024-11-05,ab708acae34798dd2738105af72cd709812176f0718584cf5776c7124cc9d018,Positive
2024-11-05,2c75136f94f26cb7196bc584afbd4747ac9a2fe2ac03fd77fc6acfe8f7ef0ef1,Positive
2024-11-05,990cb5ee573caa9cc0e39d45380ba9698d192d5c7916c1270311a9bffff30362,Positive
2024-11-05,3ab51cf08b108df79a30f5e39c6d91ad5d94096e2fb025e2ef8cf34d1d124f9a,Positive
2024-11-04,19fcf493d33b48669ef7a3aeccb8010c21b044f10c73bab6e734c54b865d73c1,Negative
2024-11-04,ee5fdda2d794fa92c08d0b95d641b71209c8368d0a4f584662dad9edb3e72b80,Positive
2024-11-04,ccb04546ea065c43053a1351eb4b04b991a7ea10dbf1028dee6130c2065c5ea5,Positive
2024-11-01,f3b9c474c0be65cbe5c380c18ad2d91e3fbc7207306fcd85dcd9bdcf5bf2699a,Positive
2024-11-01,626df2988a1303e0e55b0b6cc683ef6b49ca3d9a3a68532d9e8fd0e6fed282e7,Positive
2024-11-01,6cc2637e29fbbb7f07356a2d4b91de8a4550e922207fbef8b8c5a78299070c9e,Positive
2024-11-01,cf16d4e818b37a810375a223910091504b1dc5fb47beea2d26084eedaa2932da,Positive
2024-10-31,944a7fe4949c8387eccca3fb0a45b6b5169b17b3c60d801a45f7c446586ae99e,Positive
2024-10-31,0a4846ef14c356242fd7a9e31c3f5e6143e288af35475a9e27b69c11fa91c6ff,Positive
2024-10-31,fb56e4a0d28ad2f23f722d33adaed95ee2fcbb147dbcc24067ce243a093cedef,Positive
2024-10-31,a5a90a56b5874ac232fefb033df2baf59366586ab2c6f117e038d07d261e52b1,Positive
2024-10-31,1e02ba5831c490a7390e331c7cb7546d241419ff59de01b7853a5c58922ee75e,Positive
2024-10-30,4e1a06a392ac5876c6ac0adf7500d00e842e2157064a7daab84500284fbf6a36,Negative
2024-10-30,d30ba2a68f9f487e5967301160bf81b1d29e6ec94861de10934de6ec56e80a8f,Neutral
2024-10-29,3c3d1fb92304ef08265a4816cf9c5d6b72525b8133522c8a4db7f881b347e695,Positive
2024-10-29,346f655af364095dfb71551fb97d1b5050d846d6f82d32db897024038b9572df,Positive
2024-10-29,ff507a0092131d464ae3b2debde75f475f5fc247cd84075f5bd551c295eb66e0,Neutral
2024-10-28,fbc868aaf7967836017dcb98232f9275243a5cb10b18c74d86fae1f13f8dec7b,Positive
2024-10-28,b027671f032aeb557c233035f8d126b959ac5d8a712a22ac8fc2a8ad1c02a14b,Positive
2024-10-25,f3aa0c945012f7e48acd1229f329fd2fad237b73bf3bccb716f1e724c086bc63,Positive
2024-10-25,806e74eb981112b7d2e0d90048ee2ca5119a7a204343b3faeadc225974551619,Negative
2024-10-25,77057365d8a52d2329de3da9c28a0b5538e6f83f96a3b4501412aca4b49cca9e,Positive
2024-10-24,c46933ddcca7d7183f5ea2e4f8429cb755a8375669238ade7f8766c07c543e4b,Positive
2024-10-24,df832964417590a70605cf621316527f16c20630b26c012dfb69c10619439fb4,Positive
2024-10-24,e3b4b4298f1bc9c97c731f63e5e1e3f97a7d95aac8a466758980a0a888b2da6b,Positive
2024-10-24,e501b60b8a41644a355a3da9493089e4d77f8ae9ed8514d1bef4a5a7beffea85,Positive
2024-10-23,e3fc35f09b252d1d117237b860167cb51c59b26c2f6bd8b09f30e265f9494f1a,Negative
2024-10-23,dcf6179941bd131bb2fa570dc67e21bdf89f4335bd591afe08167197384bb177,Negative
2024-10-23,903b37f30fae3399e74b08186c41e370eb6f87ecbc43a8c37d2b378f254e2730,Negative
2024-10-23,47ece809f2afa110ca44cfbc1daf056357d4b130019b526b8f1239b288ebe7e3,Negative
2024-10-22,a4064db8ba813ca121bbcff40530f3ef5c7d53aceb53d8dee8f219d3465e6897,Negative
2024-10-22,938475ffb358ce7122961dcde4976064b6349b03d4cec832fbe6051607239d76,Positive
2024-10-22,2c8d624f6bd1c5696fb2011cf39a8c545dbf1dc18228facc9ed39ad0212512a0,Negative
2024-10-21,8cb0fb7fd8b9e7ec3a00789c4a4f306932a7ae6035c579f9d0c3c15606a0867e,Positive
2024-10-21,f465f30555e8d979801b9149ced59be541550df53629ef5ef8efcef2653ec9ac,Positive
2024-10-21,098479445c33f9148dae19fde14f9c329c2460d1cf64c61e0c6f0968aeb60e3f,Positive
2024-10-21,42a97f54d1f173b4e508dab9bbd3c35ae2466317a401ddf5a44111ac32377e74,Positive
2024-10-21,7cc74fc188a0d963e3779603d0eabf24c521d196706deffff306455917c79db5,Positive
2024-10-21,0fb729dbea085da08968855c0d74fed5426afab4488b9c109cf6b7d036278e4d,Positive
2024-10-21,707a3c8f1e2c43631ce24bd2f250b0fe25f070f6a112712053866e3b6f7cc00b,Positive
2024-10-21,9952570fa0caa2bc89b95990aa985aa80fa4b199519e57b5f6562b01e6d732fa,Positive
2024-10-21,df2f6720427d2c69e97d442c533d4a66e1df56b33f4671e94b59d2917f85e2d6,Negative
2024-10-21,58e00eb15baef31b0d741e521882de9672fc5b3aecbc7f10dff07267cda53464,Positive
2024-10-21,c568ddae40285d9e2c7118bf0f7d842b1388955b150a3666358743ad517b2a57,Positive
2024-10-21,92c9cf710919991204b5d1a8e275003c53d02b34dae9ee6cd9240317da642a05,Positive
2024-10-21,a5b0e8c3e1049627bb9a372abf92b2ae2114abca6b360a7b8827fa6121dbfccc,Positive
2024-10-21,56eb30908f25408eb375ac5cada89046d97d718b8594fac4c6d6540b4533c33a,Positive
2024-10-18,17876389da10cdd4b20b5bd1c8abff82cb54ef277e8511b43d61f27ac9e57f9a,Positive
2024-10-18,7dc350c20a268c3d9eade06f8087df4b23c6c996bb671df69194e213eb5ec006,Positive
2024-10-18,3f581583988fdad6c5c978a4fdc0b6f67c9186c3636527151a872c8bf89798eb,Positive
2024-10-18,e4149ec79d18cffba3c7dc4ba6d7fc5667e9b9aa7b5656e25e898233daf5fe58,Positive
2024-10-18,b0c028069088a0ea0078fd3a517a4e5ed3cf39e1c88520f0b9ca8a83ed83949c,Positive
2024-10-18,c2133916738b85c52bc440d7d782bd478da2669314614ee034ad23fa010938c1,Negative
2024-10-18,41f2996a7b25b543b975ff023c819d0e02d7679a693daa26a570a37e166ddd93,Positive
2024-10-18,6f5483b788994a41505441e4e7972531362cca9420256e3f8bb22e4268c89e99,Positive
2024-10-18,d98a4a81404519cb9358fe96735fb5b4e163ba804c0914246c99869e1c47b4ef,Positive
2024-10-18,b1cb90d9f27fa4f23c1d0a6d54d13dacc81d239c2af3fda7d4bc0619728fb65e,Positive
2024-10-18,742c8fca2bdfc805ca6f923dbd1955a448825965b966f9a1e20e5029d0db19fb,Positive
2024-10-18,c7759acb5a89f588f6d1d4519b9c9a03470d25989f3620a8a5c6f53e5f2d2b58,Positive
2024-10-18,a41b80c61cd005aaf96807804ace337d567215190716a927ab2a2af3088a3792,Positive
2024-10-18,f3a696df0e72804ad23a68aa53081e23cdfac39c71a97414adc9aceed77f1144,Positive
2024-10-18,a502a49d71062a0045085e105dcfeeb1631e1766349a8fc09717cbe695256e77,Positive
2024-10-18,321fbd0bc5f4aa37c68332424e3c1fd9d19c9a1f34a5fd6f44f3099191d147fe,Positive
2024-10-18,361389568a825136dcdf3fadaa27d62fac30fc25d8692e888ce6ad07fd51b58b,Positive
2024-10-18,6d08810a49878ae2f50a39b39383c6fc8f52a71352e820596bcb14c38fddc2d2,Positive
2024-10-18,75ef84ad0d29d62ea766ff5cdda520771ae67066c781e8407d8e3553c3c0cfe0,Positive
2024-10-18,03fea53a5097d949a73073482d677d83324fc9e829278c343c09dca710c05e9d,Positive
2024-10-18,140f98cc064a37ff9854418e0684b7fc60108c1010fab85a9a1f1485503f2fcc,Positive
2024-10-18,b6c08488cbf5f347f26e2cbef984c7500b8fd57dc9660ae48c38c5a592ccf2ee,Positive
2024-10-18,4d96261cdad182db571f30c1e8bc00f317fe02bd3801722183a46a803ed16f0d,Positive
2024-10-18,3be6339f1a27d8d7a99611ec4f9506ddcadce55a87451f343cdb82b1538e0bee,Positive
2024-10-18,6961bb64cdb186dc103128511922d49f112afadf28c9a3393ce10ee5b9174dd5,Positive
2024-10-18,9c74a8992b30cee3ada5a13184aea8740c7ed842a3a71d680aac04850905040b,Positive
2024-10-17,dc5205127ada95912ad7d0808ce270eae6b261d8de78a694103100691c1ab0bf,Positive
2024-10-17,b9bd437e7ed1fb62e948eaaa0411a8417b5f5595fd34beff661b6ae250e772a8,Positive
2024-10-17,f0f64066091964af3fca01a157e4141b0ddf5fccc2ed971a8d53732b43e89cac,Negative
2024-10-17,d3c99034517380efa3a5e6034ddb117fd4506b987b45919a375a2b74b9a1a2e4,Positive
2024-10-17,193e70d7272f03b457bceadddaa2de3ac03e2c3fd0198aa3f3efb6d3ac7078a2,Positive
2024-10-17,a3c91d4892bff4053a0baeb840e4983c7fda59840247ae9e5732def59b588f4d,Positive
2024-10-17,8e3e845482931ed6b35a0b6a99b081a60f89d9f1828e4c0a360b5624e489d012,Positive
2024-10-17,491dfe9a802dd8681e11957594de2fc723f2f21cb7dfe25751f90364585f33db,Negative
2024-10-17,1ab698bc262f45b234e19b8835b95bb3285fbfe14c4f45291485ade2fd95e03a,Positive
2024-10-17,56f36a1c1e1040b0aef59447d437ca5b5f0a2b48611511c4f006f9034fe70d84,Positive
2024-10-17,9b77ebc44259cb939d03e420229bb231b1a0190f57ea90886c33711a272512b6,Positive
2024-10-17,7aafade9fd1183f89d1b9c43936c785e2ec274fb0813f2e89718c41d1b37ac54,Positive
2024-10-17,c8a6b1c9bd79389dcb84932d2c4d9627fcd7053fefdc6cf1249b9deb29f425de,Positive
2024-10-17,38c449f7a3c5d93ff93bcad9bb93dfec0005a5a9e9caf2ad9f10ab79b0d5b83c,Positive
2024-10-17,ca6c2ce2f8d78d1080bc7b9387ea4ad66f178c1127d9839afc71dcbfbc38ba3b,Positive
2024-10-17,5f74a5d00df275319e9eced03fddeed24b16c2526d0e7249fc59cf1a66a2c94a,Positive
2024-10-17,add387c81103cbebddd5de6fe46f3f4a68be7c939e9f90c013706b411ee907fa,Positive
2024-10-17,0293ad9ea4fead02be9123a40f4de80e57e985d17d6b379a3ce775a44ad71820,Positive
2024-10-17,873262451734e78d681f93c4a44dadda37a8e68e392959a2d2c3b2d9bc81ea75,Positive
2024-10-17,25240ff5a2dc7e017191d1a5dc694626722d5f826ce98024f39100a69018a5b5,Positive
2024-10-17,23aa2e552a3087db2e0c335c4b0068453251851399f5c2e104e9efa2e93b6697,Positive
2024-10-17,c749fa31b47041a58e230fa5145b33bf4425f0c99b261f2e9a8e6dd74be8cca6,Negative
2024-10-17,30c0d75bd2b970703013d156053acb4389f5f93903c7aa868e55ba80f87f565e,Negative
2024-10-17,2c7f53eb3714aa2d62d726ed5cb5427311659bbf22b050a6bfd5a43a0d22b199,Positive
2024-10-17,3ae66460871fd2eb63f65ba518e74b3ada0a3c841e36c5944853e61db591ef49,Negative
2024-10-17,a1527259680caff18e852cfa872515a48bcb16b5e1cc02486423f79818805ca5,Positive
2024-10-17,0ec5821ce30374f583f10ad422488323a74c70da730637171179e040066b931f,Positive
2024-10-17,d800fedc98a845d359dd89bb1a0ec6ebeaf687000fc8be918158d80b178c8d93,Positive
2024-10-17,190e42b14f65f5846e114f00343d05ff8d4ca6afe641f8e9343c2862f4b2e7bf,Positive
2024-10-17,f0c45bd4ec14b72e4f8a8be29fc2923b38fca51e12057acee8355a9b4ce2a7af,Positive
2024-10-16,31f199f2a97950989d4e54c07d939a871ecb9ead40a22f9b65ed1d170e5894c3,Positive
2024-10-16,4c79ad3066e919d7667b4b9c3e9052793c2ff90cc858329a98e2e6fad4ddd648,Negative
2024-10-16,f2854748418c46963006f3e2ee2e611a78d5f672c94d8394e9d5a8e25cb563af,Negative
2024-10-16,f244d860b9f2d9c1b35c06fd9240c1ed153747233deccb64d50a2918d064bc61,Negative
2024-10-16,9c4ca2121e5bd2bc9ea390cee1e2136d25d805a72bd7187de74357d91776cf0c,Positive
2024-10-16,a7adaccfc569515b1be77466813cd59413132ce0d5c8b50a26d2bd4be964451f,Positive
2024-10-16,0f475547c29e60325cacc56dd16bd76a6def6ca88493277bd5038829b7e2f66f,Positive
2024-10-16,5f9eed23d4a9792fdb5e9c9c3476c25da45fc915489c1f4bca58bd0f0dff668f,Positive
2024-10-16,cfcef2898b23101672b9b762c0d310e24e9341f5ec93773abb46ed627ea408f3,Positive
2024-10-16,718d8c8ca347913bad0cdcbd9a7536d4a3959cd585dee046dc3a929833e1ae21,Positive
2024-10-16,60881271b8ffc6c24757de76144dadb5dde54c40fa26ee814ab3fb96e0fe3e57,Positive
2024-10-16,83b22046d11a31d9660e0d95819002a48863591412b7e0b3402937dfcee8ca22,Positive
2024-10-16,762ef9bcc6276e176209d364d16bb5524b30592b874e02c8a09547b69196879e,Positive
2024-10-16,144c5908a7dc3cb11118a900d5c0aa8b2427190a5de1afdbc46bd4d5c70e3aae,Positive
2024-10-16,6d00293d61f74123779e006c24b993e9faa9acc11cc0363babcfec37d85ec8d3,Positive
2024-10-16,000aa60ec64a360f3fea0ab317a1cd9b372ccb8fd8c1746a91bffcab2fda1498,Positive
2024-10-16,2dc630c4fbb3f99d9367271cf04178396d9fe1b09188056a82c8056899f12c2a,Positive
2024-10-16,a5a36f58866b8624c1cfa57897b5be4f8913e57e2eb75b7f7effbcf6ef4fcc0e,Positive
2024-10-16,7794340279cd8e6e42b59feba3deb0b81b163ade55fc7da6c1c9080e7609b915,Positive
2024-10-16,b40da7c5e3f3c4242e568ad61c7303c9d47cd045098f32e9ca1a3d91f1065de8,Positive
2024-10-16,453fdc68c2955d8b543ade0d307e0e28c555ae56a1d1db22aa725176c9bde907,Positive
2024-10-16,7c5370f8e20d73fd6b30e447a661d0c45e34e85fd1b3b0b52caf97114d4e3e6a,Positive
2024-10-16,65ac44623355e9f2306e8cea784b427b8f390d2293eca277d96a2bd908a20f5b,Positive
2024-10-16,5b2ceb8ebc59f1067173412a79b6d6d0685185a0abb0edcc2435de049a09a183,Positive
2024-10-16,72c57078de70f87321a0c369f8fc9df973dc893bbe0719fd38cc55b4e2fc4967,Positive
2024-10-16,845c616324cad1a973989919de92ef306efb73b229a3eda5484dedb4ef8261d5,Positive
2024-10-16,1ba74a55ce90b2d8bfab9067aadd17f681157808f30d41e34e9f93d86d50d65d,Negative
2024-10-16,d37ed574eafdc0d07a642f34adbfc564d954e51deef3f998943dc9f8b890570f,Positive
2024-10-16,8b1f5fb3b26c67f8546233705218950b3534d365f02175ddf6c452e50c584bb8,Neutral
2024-10-15,ba03d1fd0ed958c42b10f5a1b0db3673f738fb5175487773ca3c580a25f378a3,Positive
2024-10-15,5ab147ee04dcfa0b1a96346aa491e6006a4463a89b7388b7845c657d4e2a0f2f,Negative
2024-10-15,fb0e583dc7ef682214c298b43b13a23765099e225384190199d53ae7eae16307,Positive
2024-10-15,8a2364086359be2fd7c6ada21c7994c856119ee2a79f37c68c118d82ce5479f6,Positive
2024-10-15,98dc9f7e3ea51df90d5388d4c5af1f6e3a1e1ed84dd5163ed0e8075b2448779b,Positive
2024-10-15,a09f8cddb5d86ba721d018edf00d69b21488b1095e43b2ff5788ce2f07ab0af5,Positive
2024-10-15,c0b8cb9e80e1abc61b10ddfbed1128c31140446aee21ecf33d1ddb10f1b98a07,Positive
2024-10-15,5799ed3da50b20d17da913a9716e33c2fdbeb334b392c3c20151c4e5e889fbe1,Positive
2024-10-15,0750a9116086ff23ab1ea4b7ea4c25db7749113abee74c1e7bc862008acdd4a5,Positive
2024-10-15,c1d4b8164a7310cec27d157ca4d04c3e09504c1b084952925d62b09b016694d1,Positive
2024-10-15,4ff7247c932002ec6cd3fc93e7396e47520efe14fac14e52ff0dd37e7c01be14,Positive
2024-10-15,be6d643f104588da681b4a02ee7e9832eb2e75b5ed12d535b1c19a82fba987b4,Positive
2024-10-15,57c99e082ce8e5f766c7690d5adcdef47c7daa5d234a09675f78da5acd737a7f,Positive
2024-10-15,ac75b38e935f2a691c027a07c8762f1c4e4e183f7b1d6516dae036f7519fce7e,Positive
2024-10-15,16d4736436287df96d152701e4c0d3e75f65f9d42e7ad22da7a98a76251c6f53,Positive
2024-10-14,c11642dc4415a22d9d423edcdebf54e0461b413e34b4d1fef30169a8855a41a8,Positive
2024-10-14,8329f93a447ad19a63d4c25d2342c0f028ddd95725a0e4023f8a628dde05e95b,Positive
2024-10-14,e7c890b634eadd49a814e622523ab520de5ac4287ce044ec14b5e179f97f2d90,Positive
2024-10-14,5b145877c6d55a185aedcb7362e3ea1fc775eacbc44647ffe8fb4bd0b0e1bfc8,Positive
2024-10-14,90b1512e9e9ae93d3916098494fa8146671b8429ab28e7092379d5969a3f331c,Positive
2024-10-14,a977cb2d47ffca7a40f34c676839982ba4ddce9daaa46bcebb1310ec5bdbc4c6,Positive
2024-10-14,4bbbb6f5dea651782cae2c9de1bd9ccef8290805ca43706392f29bd66606cd0d,Positive
2024-10-14,61ef1829e6841d087cdbb3df34b541ce95ed78dafff2020a2af017922dc7e536,Positive
2024-10-14,4153531bd5ed0e4917cec56c737ff12b41802f352e01f0fc31a6fbecfbadc561,Positive
2024-10-14,7c1e5f8aa0b9f692d28be7e8f1857c51f1087d3d7e66c128ee46fe9b56179a93,Positive
2024-10-11,97e8dda21ef778e03c5299248056bd637ca43879d8dcc297b004d728593c59a6,Negative
2024-10-11,49d59fe251a840f389e81be007f8a88ee7f6b345191a18c805f069ed4d6ebf7e,Positive
2024-10-11,3be2cea06d4173b96aa07e8f8e1288d53fb3d0a2e758fbd9c57092a1413712c1,Positive
2024-10-11,d16d07c0e52e63935e6cef6370f901a470019c1ba0ec7cafbb177346a6c398e3,Positive
2024-10-11,2d0140c8c6eecbb880953b3d1d81c224c052ae78942764ca0d55ae9465ae6483,Positive
2024-10-11,252429ef94d622f1e6689d4f8d6297e3a51927e80aa591bb887499a7a04e72f5,Positive
2024-10-11,a7d6326ac28443c801cfd6806ca2b8b5e48ed4f85adb4e4c5ab56dafb4d60a22,Negative
2024-10-11,ba037e80f40b66fd1bffd9905dd64f4e9122ed33f25c37393311d39b4d606302,Negative
2024-10-11,6298b224ca308fc2150e3db118ada9a3f388a168e6601098c4d5d4c91e6c22ea,Positive
2024-10-11,b29d04010483254a21f9405b3060638fbcdb108a8a6e4034baa4dce1e5e43853,Positive
2024-10-11,4b3daec67bae0f4d380fd392478de3ef32b3d4856c2cc9b6f6392d5c45919049,Positive
2024-10-11,615fe7954f3fc190e7aa54fdb2fc6f03aae926b44d7621690e974c94f49e1ded,Positive
2024-10-10,fb5e491dc1a491ed6d4b0300fdb259f9a4e3ecb68bb1392795ddeb2f8648a05d,Positive
2024-10-10,18a8ce5cb2175faae1ba76655dfef9389ee308b86d9bf23f581e47949338818b,Positive
2024-10-10,726509f03c3e68ddceee6ebd809af40c1013702717e1b80472c25f9f2303a708,Positive
2024-10-10,7a4350e80d9df8e94a9b1b4f7afc11e6ed4513fbb2f6defe0b5a24d681f33416,Neutral
2024-10-10,2eaab82a980a563892803d1435359589dd2bdd3485af67e47403de30990f218f,Positive
2024-10-10,72c5d1da228a4462a46e4daceba8420b851493cef1ad0afe8ccf4ec89e549fc7,Positive
2024-10-10,8c3eed46c6ccab086626fbbc4a009b71379df0675d078f065cc43c57b006b978,Positive
2024-10-10,33c19cb49bb4d97dee99cf63251f4c0cf7eb4f228a43266d39105fa4faeb71db,Positive
2024-10-10,f9711e8855e6807213199aa744cb7353060d74b6c031c2248cc839422640326c,Positive
2024-10-10,cf0026879131d2a246a603514ddae541da46ee5e99de2e90591a6fc9076de999,Positive
2024-10-10,73f0b90e46fbaa046c7e6540809420317297bb9a9f9b539aad9c661d4ea29b0e,Positive
2024-10-10,151f859220075e066add45d2e0a3c82f545843d3fa83b0c70706d5e63d4ed9d7,Positive
2024-10-10,b15c02265c92eaf4d51e47861c1329ed885df1e9176df2e02ae04c75da164731,Positive
2024-10-10,aa41332085999a69c8635870edbb4f6b9d0b109ed02930e9796d07e2a9233efb,Positive
2024-10-10,57bffe58d11cdbc5cda40c695bb548dd72614ae3cfea4348970614dbd5012f2d,Positive
2024-10-10,b5fc988b8d10d3fc964e58702d76631edc569b4a78cc1858f2c6855c10552a71,Positive
2024-10-10,f25b9ef2e794dec17169de56d51cdf3ae74aa5e8e9f2bdd232e9207baabd501a,Positive
2024-10-10,23447fddeb2718f26a4c18446f9ddd80cd955c97e8ad7e84b4b584cf3a7e594c,Positive
2024-10-10,998c2b41f37416a9d31a91c2f5c2c035fe712ff7bb09f925c88b23c4eb5c89fc,Positive
2024-10-10,ef07ecd1aabf6a25d0c2fa4843f7db3b0c8ec9fe5286aafeaf15c0258df24624,Positive
2024-10-10,8c45baa0f7cbdfd079d4fe87eb70ac3398683af714cac3fa2499ea52926ee2fa,Positive
2024-10-10,5cb0b9655c04e791877c418029b70089f401e21a00bff70b3fddae29282cc7bc,Positive
2024-10-10,b8c817570ed43c2c87bfd23047d0ac0860f5e651623076f5ea67bc206d1c611d,Positive
2024-10-10,3b299b72efca26436ee951c63849ace13650c5f84ee0c279daab208752b94252,Positive
2024-10-10,8ce7aa7ade51fe11c0289ae6fe9177ea318c9e193a92f8b7cfbca2ceceb424cd,Positive
2024-10-10,8828bdaa6e8ce50a08c013c4303f7daf9b4292568646e237ff94b31a4f0f398d,Negative
2024-10-10,7d0fd7a3ea21118fc58f3c880a537eaee6133f516cdd08bb3195c151c6277b16,Positive
2024-10-10,fa939d4b788061216dbc9d84a1273e540637f2a356170cdae5b92809a855cb26,Positive
2024-10-10,ff58e62d160240cbded3f8a1622ba68e4db3172a221dec0102dac3944cd90c31,Positive
2024-10-09,1abd84ff75bdd1ab25dffb7681f994510d78b1f95fd42721f2a596bba3eab444,Positive
2024-10-09,289168ea685a73afa726045af0d46e3a48d1bc23fc95f2387ebbdda2b11c3935,Positive
2024-10-09,74785cc0c6b512ef2ce33cab523f88c9cac0f6e22f491b7a1f89c0805278712c,Negative
2024-10-09,abb3fc7492228e7d0f7916010284dfb0e41632b33b181dd0e8606611eb227fd2,Positive
2024-10-09,912deb38eb015f05743483599041a176c9359929217c78a6b05c7d2b51075abe,Negative
2024-10-09,90d7bf06d903b3e136ef4295cebef8b8852056eadc03793cb375aa253fb68090,Positive
2024-10-09,dfc2cf17497ff07eac45aa8a9d597c137f41a303588d5aaff3d402c097e4a7ad,Positive
2024-10-09,10ca9ff1b68a4688bfbfbba5997907239199a3ccf8552432ab701bc7b369033e,Positive
2024-10-09,4d6ee2c679213c00645fe72478f5a05d1dc8851bcdac20a132cfc4258f0a719a,Positive
2024-10-09,9bd2c0296f84de43cd90ac308f14bd6628fa74980ce0de01bce41d3665770781,Positive
2024-10-09,a8d6ac9899dcef08efc6e0cb76f1b164e6df58694cd7d37841b48f37bc7f172a,Positive
2024-10-09,bc281b5360a523a5226231791847e547a75d057693b0c482986bf36ee42204b6,Positive
2024-10-09,31025c3b08408181378e7c257247f820500557167713e7cdc366edf170e0a460,Negative
2024-10-08,fe69c490658f716ad82c14a5561f213d3651fce553f51fc9524aef21b527b60b,Positive
2024-10-08,0e394ae17b6e98bbb94fe045674f1cd5d80dc7c7f96864819657173f20654938,Positive
2024-10-08,9fe2fe1042748d2eaf2264edc23a9ebbec96527a8ffa2e907a24f6e331f673f9,Positive
2024-10-08,b2c6c948cd7c07cde7bb4a09bede0bc121947edd5fc4cee9b36df182c1702094,Positive
2024-10-08,69fa91a5392834ffb7e7e5ca9e8bf9eb81b2afae9a9024f04a1a8d2486b5c577,Positive
2024-10-08,0472cf7c712a3b4e0d184cadbb597297f3505e915b650880132b7f9a2ecda15e,Positive
2024-10-08,e4e2a9c33dde52db7cbb18558a1fccbc532b8e1b0b5910f622abce79cdecc062,Positive
2024-10-08,60156d8ca1bfaf60ae835c8112ec9725dd0eac6ba7a98d70a701d5b9c8bbc868,Positive
2024-10-08,ab1142fc6f1783ff7e0b729827fe99e79d7fbf9ace0531b3f3221b53adc8b613,Positive
2024-10-08,87b732ce509e5f6168a44df63764ad7860d25b88e8499325351e1839bf28b100,Positive
2024-10-08,5a3f51fc793529dcfe00701c566b2c5a76670468d54ee92a12cd48cc440ea0da,Positive
2024-10-07,3ac881adff37acde8de609cd9feb9404978349a3f6da868c53e38c59074c3daf,Positive
2024-10-07,b267d43687d3806129fc52b23ca6c7de6d8ecfca8df9773fd7a515b9b6c8bd65,Positive
2024-10-07,e80842cf3f68f4efd20f94dbcabec175ef2217b9b4ebff9520f2c061ae1dd3d1,Positive
2024-10-07,b7821b4d469f825aebb9d3ede4e52f291da834e0425925d65efba962c70e1653,Negative
2024-10-07,b54b41dfc3315c3d1681ceffe9d366b339be1ffa8d6a1c29774b76191317f786,Negative
2024-10-07,ef9a4698c452cc949992f7e1bca7e9106d2d7b509aab673bcf082936f50956a9,Negative
2024-10-07,2465b3e4f7f26ab5fd42654b994ee2f59c5b7be42185ce489b8866bfd23516d2,Positive
2024-10-07,bb4a078547d669398ed19292568c69119bc8e31dea210a164fce3c9e64335161,Negative
2024-10-07,528e5e981359b3e4e5652b1890802eef55572d562a45c780fb06118d33002810,Negative
2024-10-07,b94bc1febf04d292867bb724d13a0371684598a4e94f54cb9019479d3739f1d8,Negative
2024-10-07,f4c6b7dd186e58cd5fe00555a79943a81767051724f53a8a534d04a52004fbc1,Negative
2024-10-07,f0515f21ca501f3978b9df26f65ea0f93513b34f0b5e592f450f0676933f93c8,Positive
2024-10-07,e0b860be5fe8a2eb42fcc3d626a1ed3644b28dcbcec71d2b43a4ee2c00a284eb,Positive
2024-10-07,6a4c2c3310e9fd2f86d60a15792006fdae52a8161f56dfb352d10682e14cc7de,Negative
2024-10-07,835c1f3a4413eccfce8eb0e9a1e7d4804824af38c927fe931d0e70155847b071,Positive
2024-10-07,d344f9b53abe53a4aff2b4db5d91d0822aaacb6b44cbbe413e0e667e43e807ad,Positive
2024-10-04,e49febeee1a6cbb4a9e5db57c0cbf14d6e3b745c8899f369079b8f64b4e9f599,Positive
2024-10-04,a38a543f66e66cadfb3bb66d6624ea56eb8b8fa3cce1ffb73d2e3023a723ae2c,Positive
2024-10-04,7484b14520e83173ff439ae267416fd0914023a94693064d30cb9bfdf19c7076,Positive
2024-10-04,6e2ac818ac413bd438451380ff11640664baa8b60adabf115f801229a5cc318e,Positive
2024-10-04,fee741f2f361327792059aaf77e00988d9e111a811bdc4efa91b141a1bf1b480,Positive
2024-10-04,e5dfcab1c325290cf310f032a076a092dff6d1e465ee2daeb4cb2b638b9a0829,Neutral
2024-10-04,7bc522eb9adbd1b4bd555d0915cf6190969861cc915a6d29db743d47e6b69647,Positive
2024-10-04,b9a7a731894b07262db706b7d803831944fff80975fc17e411b601041f319524,Positive
2024-10-04,f700c5abb4aa1fcaca546d34e6aa826a7f0579b3b825e3d1f657c7b0b8c9b548,Positive
2024-10-04,b5171793e70e7dc83ca7afcea36abe8f5d891f4c7706b01ba693403d80ff6be7,Positive
2024-10-03,9b762f6d2a34dd3ce77d9ac7e4c20f57fde982489cb9804328037725a9d18112,Positive
2024-10-03,f97c7d70edf5aef503033a2d8a80bf30e4b05afdca279184da4f35e4c1213cca,Positive
2024-10-03,ac9249ae07c4a8c442a667c29a61f43d8521dc7dfd677faebab78963705330e2,Positive
2024-10-03,daa75ddc55352f3b6d3c34c5d8098ba038bda4a83f96289d20f049eca017fdae,Positive
2024-10-03,f4818bbd27f8d717a7ad6db4a82a7e92f3b7708f68ca0e781b20c446fdfc92c8,Positive
2024-10-03,323cac2677c6c2bfe002540be1cd8d1bb8f7fa3b7fc6a300799f529db82b4ead,Positive
2024-10-03,29b1378878905a380491b6b2e44a7bd401cc6f4dfab4e3880b2a0b7190e43068,Positive
2024-10-03,750052f086905fb94ebf587c31404578b849672a08b29be76e731e75bd6b215e,Positive
2024-10-03,986e056270b4f3f18708663ac7966aae9b31e34b7dd6d81cec449e8c0d5b4264,Positive
2024-10-03,ae67d2201da298519b92e8be3ccd7a6a579898652034f5c7a0ce2112fe05d423,Positive
2024-10-03,861fdc0eae317ea4aa94c4414b932c5ceefe7a67fb4824c6d1c4dacaaabf8b42,Positive
2024-10-03,28e1bf55645b5e3007752198a1a22976261f5976206907e5d9a2eeca480a9dae,Positive
2024-10-02,3dd94265f29c3b7f07b933f8910e456fbfcaa4141f4fee43163b29a3574b6f72,Positive
2024-10-02,43923466d177080c103d27f85f3f40840e86a94f6f5dfc052438bdecfa872ce9,Positive
2024-10-02,04623b6ca702a70871e865b35d0c2cc273f0a175c452b2fbdf4d78a5387a3f15,Positive
2024-10-02,1ad0767485f7a7df01000466b93069dcd256a6e277a163846e7692decd0a0589,Positive
2024-10-02,ef29edcb66c71845054e32958131ba454b40301330923d66113582024f25200e,Positive
2024-10-02,7e2afba2d5528941e2ee04579e66a21932bcb1f83dde955b53b67c300721b482,Positive
2024-10-02,def60f449ae18733177c67ab294b8ab1cffe6261e314a11ac90e343c6d497e79,Negative
2024-10-02,6f5612f148052ac75b168269e9d8b7466f39fa91b187ff52a678ee93084af29d,Positive
2024-10-02,34b14df8d12627ed14b20198d5feca8a8ff361b47805ca4549bad7b88f7e875e,Positive
2024-10-02,35f7f19873cd5444248d40b0dcc99b317ab9dab1fcd566c98df34e71cdec0ace,Positive
2024-10-02,b3fb680565e8fb342858298c3a3bc0b4a796b9c7731e7988859965c6e521135a,Positive
2024-10-02,b4dec44d0d36c10baaf1e72b353ea2be0f8ba2a07e802c15ad7ba180e3dd1140,Positive
2024-10-02,b20c31c7027af618599f6598af232ea93041dd83bc89b3bbc931751b971d84e0,Positive
2024-10-02,d90c0108b8ea8827642a4692b29f2cc838c635b4896fcdf0c964661a91d2c359,Positive
2024-10-02,51e4e889f9b49d1fac957de4579b9baac647eb9b2e4e8524517aa0cf610abc0b,Positive
2024-10-02,2a45871f4f3913aafc25efece68eba24632a593008a5e2a5e9bef7ba4c33e4db,Positive
2024-10-01,ea5fce930946e0249895c0930e53ef5475e5b69478e41026ca9f34053172a692,Positive
2024-10-01,cef44105f758cc3d668534491b6a2eb3d48d26a2b5bbfc29f257646f164588be,Positive
2024-10-01,b377bf68191176f9d0e394993843f148429f9372889900ad7397650567979697,Negative
2024-10-01,e6fac4e2526d6ba759a3a2cbcc885c12bcbfdf18c51a8962cc8bc5fa43abd429,Negative
2024-10-01,cd71c90c0af81a5de1a3cea8b46c96c2ae8cf88e8f06f0a98101e1bbd2830772,Positive
2024-10-01,9884a0e158e1a0a97e705966184904e6305eeb661210681c48f3d81e89c228bf,Negative
2024-10-01,0885924238c9f2de3fd3aa52fe6c3d6915734d3fe768ffa48da7a3dcd0185acd,Negative
2024-10-01,ce937cde21c25845d1a9a4c1dd5df2052fc7cf1008634611debfb68b5d7ec011,Positive
2024-10-01,c34452182082196dc813b2d28e14ffdf14872f218baafd625730c25185be1272,Positive
2024-10-01,a15c35072a7e39536d9cc939be7ddec4cce01be0eaacd7a2c7f0c7389bd989e6,Positive
2024-10-01,c574c9dd969dc335910baf6ea47cfc08d3f8c4d2570d4c2547a6483cfdff8723,Positive
2024-10-01,7384d4b9f899ac5f00c660dc34ebbaa01e7968737157d6ca8273bd2184b1d5ae,Positive
2024-10-01,e35acf0ccfebccdd23f07527e8779219594be426639fad123cf36e69984b634e,Positive
2024-10-01,7064d7f0edc50c50bf70b5d3a73c936ec7ee67afacc8b939b7d1ce04c0ad6778,Positive
2024-10-01,52465695bfbe2ed9ce5dc1ee7c115ba0063a04247b35cd5d7b2e046d6c18ff5a,Positive
2024-10-01,de8c4162e19433e91031eb3b0a793d34edaefb43c00e5dece21821260bdfe5e0,Negative
2024-10-01,65957b7996974ee4ae7a175bc7c434eec23464edc9d74b8e3337722e6a07dbd0,Positive
2024-10-01,b299914f191c0509af246ff7ec35df4ebe3bd18fe404d5145c9df6c979ba0402,Positive
2024-10-01,b3488baa4639f815ce9a7b185847ffb0638f0bc11c175b0b144ab1da4e1b56fc,Positive
2024-10-01,8b7be19cd05391ec91bc9d6803bb64d172540d3d1c64ea98f47394bfbdcb6794,Positive
2024-10-01,b3d10354e64159dc4ec75d776b557839dc6f45f921db899810ba5624ab22c94b,Positive
2024-10-01,153c11f481753252569fc72aee2b03df588cc99d3f3ad80ff1295259579848a4,Positive
