date,market_return,baseline_position,baseline_return,baseline_equity,hybrid_position,hybrid_return,hybrid_equity,benchmark_equity
2024-01-02,-0.0357866306549629,-1,0.0352866306549629,1.0352866306549628,-1,0.0352866306549629,1.0352866306549628,0.9642133693450371
2024-01-03,-0.0074876104287868,-1,0.0074876104287868,1.0430384536274386,-1,0.0074876104287868,1.0430384536274386,0.9569937152651535
2024-01-04,-0.0127001356852103,0,-0.0005,1.0425169344006249,0,-0.0005,1.0425169344006249,0.9448397652313926
2024-01-05,-0.0040129734484084,0,-0.0,1.0425169344006249,0,-0.0,1.0425169344006249,0.9410481483405185
2024-01-08,0.0241748537366155,0,0.0,1.0425169344006249,0,0.0,1.0425169344006249,0.9637978496857634
2024-01-09,-0.0022634188402673,0,-0.0,1.0425169344006249,0,-0.0,1.0425169344006249,0.9616163714745756
2024-01-10,0.0056713838176516,0,0.0,1.0425169344006249,0,0.0,1.0425169344006249,0.9670700670025454
2024-01-11,-0.0032225146355873,0,-0.0,1.0425169344006249,0,-0.0,1.0425169344006249,0.9639536695579913
2024-01-12,0.0017781130448837,0,0.0,1.0425169344006249,0,0.0,1.0425169344006249,0.9656676881524959
2024-01-16,-0.0123171256454388,0,-0.0,1.0425169344006249,0,-0.0,1.0425169344006249,0.9537734379057812
2024-01-17,-0.0051734466045852,-1,0.004673446604585201,1.047389081627922,-1,0.004673446604585201,1.047389081627922,0.948839141951904
2024-01-18,0.0325706152835558,0,-0.0005,1.0468653870871083,0,-0.0005,1.0468653870871083,0.9797434166103988
2024-01-19,0.0155330541271272,0,0.0,1.0468653870871083,0,0.0,1.0468653870871083,0.9949618241313046
2024-01-22,0.0121632908749216,0,0.0,1.0468653870871083,0,0.0,1.0468653870871083,1.0070638342076563
2024-01-23,0.0066532570013926,0,0.0,1.0468653870871083,0,0.0,1.0468653870871083,1.0137640887134478
2024-01-24,-0.0034839635208525,0,-0.0,1.0468653870871083,0,-0.0,1.0468653870871083,1.0102321716096199
2024-01-25,-0.0016966580976864,0,-0.0,1.0468653870871083,0,-0.0,1.0468653870871083,1.008518153015115
2024-01-26,-0.0090127208116599,0,-0.0,1.0468653870871083,0,-0.0,1.0468653870871083,0.9994286604684989
2024-01-29,-0.0035859058309947,0,-0.0,1.0468653870871083,0,-0.0,1.0468653870871083,0.9958448034072617
2024-01-30,-0.0192458144265372,0,-0.0,1.0468653870871083,0,-0.0,1.0468653870871083,0.9766789591232541
2024-01-31,-0.0193575834928737,0,-0.0,1.0468653870871083,0,-0.0,1.0468653870871083,0.9577728146262927
2024-02-01,0.0133405639913233,-1,-0.0138405639913233,1.0323761797068278,-1,-0.0138405639913233,1.0323761797068278,0.9705500441489646
2024-02-02,-0.0054051161297229,-1,0.0054051161297229,1.0379562928477029,-1,0.0054051161297229,1.0379562928477029,0.9653041084506317
2024-02-05,0.0098466505246166,-1,-0.0098466505246166,1.0277358999722048,-1,-0.0098466505246166,1.0277358999722048,0.9748091206565218
2024-02-06,0.0086317135549871,0,-0.0005,1.0272220320222187,0,-0.0005,1.0272220320222187,0.9832233937568178
2024-02-07,0.0005810882197569,0,0.0,1.0272220320222187,0,0.0,1.0272220320222187,0.9837947332883193
2024-02-08,-0.0057547120004224,0,-0.0,1.0272220320222187,0,-0.0,1.0272220320222187,0.9781332779307127
2024-02-09,0.0028143585386575,-1,-0.0033143585386575,1.023817449909289,-1,-0.0033143585386575,1.023817449909289,0.9808860956734021
2024-02-12,-0.0090018533227428,0,-0.0005,1.0233055411843344,0,-0.0005,1.0233055411843344,0.9720563029138323
2024-02-13,-0.0112743788405023,0,-0.0,1.0233055411843344,0,-0.0,1.0233055411843344,0.9610969719004837
2024-02-14,-0.0048097708603543,0,-0.0,1.0233055411843344,0,-0.0,1.0233055411843344,0.956474315691062
2024-02-15,-0.0015748031496062,0,-0.0,1.0233055411843344,0,-0.0,1.0233055411843344,0.9549680569261942
2024-02-16,-0.0084303274230392,-1,0.0079303274230392,1.0314206891797364,-1,0.0079303274230392,1.0314206891797364,0.9469173635277629
2024-02-20,-0.004113871976304,0,-0.0005,1.0309049788351465,-1,0.004113871976304,1.035663821848733,0.9430218667220704
2024-02-21,0.0041859440405374,0,0.0,1.0309049788351465,-1,-0.0041859440405374,1.031328591045665,0.9469693034851722
2024-02-22,0.0112439666520405,0,0.0,1.0309049788351465,0,-0.0005,1.0308129267501422,0.9576169947540655
2024-02-23,-0.0100341704181807,-1,0.0095341704181807,1.0407338025883117,-1,0.0095341704181807,1.0406408728630416,0.9480081026333571
2024-02-26,-0.0074512382204691,0,-0.0005,1.0402134356870176,0,-0.0005,1.0401205524266102,0.940944268425701
2024-02-27,0.008114374034003,0,0.0,1.0402134356870176,0,0.0,1.0401205524266102,0.9485794421648586
2024-02-28,-0.0066254175108142,0,-0.0,1.0402134356870176,0,-0.0,1.0401205524266102,0.9422947073183411
2024-02-29,-0.0036930878624186,0,-0.0,1.0402134356870176,0,-0.0,1.0401205524266102,0.9388147301719224
2024-03-01,-0.006030428769018,0,-0.0,1.0402134356870176,0,-0.0,1.0401205524266102,0.9331532748143158
2024-03-04,-0.0253812757430702,0,-0.0,1.0402134356870176,0,-0.0,1.0401205524266102,0.9094686542357046
2024-03-05,-0.0284408909194745,0,-0.0,1.0402134356870176,0,-0.0,1.0401205524266102,0.8836025554459056
2024-03-06,-0.0058782036209734,0,-0.0,1.0402134356870176,0,-0.0,1.0401205524266102,0.8784085597049822
2024-03-07,-0.0007095553453169,0,-0.0,1.0402134356870176,0,-0.0,1.0401205524266102,0.8777852802160714
2024-03-08,0.0102366863905325,0,0.0,1.0402134356870176,0,0.0,1.0401205524266102,0.886770892847869
2024-03-11,0.0118315468868974,0,0.0,1.0402134356870176,0,0.0,1.0401205524266102,0.8972627642445345
2024-03-12,0.002778581765557,0,0.0,1.0402134356870176,0,0.0,1.0401205524266102,0.8997558822001777
2024-03-13,-0.0121226115568896,0,-0.0,1.0402134356870176,0,-0.0,1.0401205524266102,0.8888484911442384
2024-03-14,0.0109273651609886,0,0.0,1.0402134356870176,0,0.0,1.0401205524266102,0.8985612631797653
2024-03-15,-0.0021965317919074,0,-0.0,1.0402134356870176,0,-0.0,1.0401205524266102,0.8965875447982145
2024-03-18,0.0063723786351523,0,0.0,1.0402134356870176,0,0.0,1.0401205524266102,0.9023009401132304
2024-03-19,0.0135850794381764,0,0.0,1.0402134356870176,0,0.0,1.0401205524266102,0.9145587700618099
2024-03-20,0.0147092230804177,0,0.0,1.0402134356870176,0,0.0,1.0401205524266102,0.9280112190308015
2024-03-21,-0.0408574466894273,0,-0.0,1.0402134356870176,0,-0.0,1.0401205524266102,0.8900950501220601
2024-03-22,0.0053101476337749,0,0.0,1.0402134356870176,0,0.0,1.0401205524266102,0.8948215862463006
2024-03-25,-0.0083004411423265,0,-0.0,1.0402134356870176,0,-0.0,1.0401205524266102,0.8873941723367799
2024-03-26,-0.0066725197541702,0,-0.0,1.0402134356870176,0,-0.0,1.0401205524266102,0.8814730171921272
2024-03-27,0.0212126568852748,0,0.0,1.0402134356870176,0,0.0,1.0401205524266102,0.9001714018594518
2024-03-28,-0.0105591137268479,0,-0.0,1.0402134356870176,0,-0.0,1.0401205524266102,0.8906663896535617
2024-04-01,-0.0084557965943549,0,-0.0,1.0402134356870176,0,-0.0,1.0401205524266102,0.8831350958292228
2024-04-02,-0.0069987649238369,0,-0.0,1.0402134356870176,0,-0.0,1.0401205524266102,0.8769542408975239
2024-04-03,0.0047974413646054,0,0.0,1.0402134356870176,0,0.0,1.0401205524266102,0.8811613774476719
2024-04-04,-0.0048924255820808,0,-0.0,1.0402134356870176,0,-0.0,1.0401205524266102,0.8768503609827053
2024-04-05,0.0045018362753228,0,0.0,1.0402134356870176,0,0.0,1.0401205524266102,0.8807977977458071
2024-04-08,-0.0066635216417031,0,-0.0,1.0402134356870176,0,-0.0,1.0401205524266102,0.8749285825585634
2024-04-09,0.0072425051944196,-1,-0.0077425051944196,1.0321595777579058,-1,-0.0077425051944196,1.0320674136466246,0.88126525736249
2024-04-10,-0.0111392703483231,0,-0.0005,1.031643497969027,0,-0.0005,1.0315513799398013,0.8714486054121446
2024-04-11,0.0432709500536416,0,0.0,1.031643497969027,0,0.0,1.0315513799398013,0.9091570144912492
2024-04-12,0.0086265996343692,0,0.0,1.031643497969027,0,0.0,1.0315513799398013,0.9169999480600437
2024-04-15,-0.021863494760691,0,-0.0,1.031643497969027,0,-0.0,1.0315513799398013,0.896951124500079
2024-04-16,-0.01916729399502,0,-0.0,1.031643497969027,0,-0.0,1.0315513799398013,0.8797589985976221
2024-04-17,-0.0081473609635139,0,-0.0,1.031643497969027,0,-0.0,1.0315513799398013,0.8725912844751478
2024-04-18,-0.0057142857142857,0,-0.0,1.031643497969027,0,-0.0,1.0315513799398013,0.8676050485638612
2024-04-19,-0.0122126436781608,0,-0.0,1.031643497969027,0,-0.0,1.0315513799398013,0.8570092972523774
2024-04-22,0.005090909090909,0,0.0,1.031643497969027,0,0.0,1.0315513799398013,0.8613722536747531
2024-04-23,0.0063917028461166,0,0.0,1.031643497969027,0,0.0,1.0315513799398013,0.866877889160132
2024-04-24,0.012702216896345,-1,-0.013202216896345001,1.0180235167491358,-1,-0.013202216896345001,1.017932614882112,0.8778891601308898
2024-04-25,0.0051473198438052,-1,-0.0051473198438052,1.0127834240999125,-1,-0.0051473198438052,1.0126929901338728,0.8824079364254931
2024-04-26,-0.0034728353640589,0,-0.0005,1.0122770323878627,0,-0.0005,1.0121866436388058,0.8793434789383484
2024-04-29,0.0248080330773774,0,0.0,1.0122770323878627,0,0.0,1.0121866436388058,0.9011582610502271
2024-04-30,-0.0182708933717578,0,-0.0,1.0122770323878627,0,-0.0,1.0121866436388058,0.8846932945514997
2024-05-01,-0.0060470850701579,0,-0.0,1.0122770323878627,0,-0.0,1.0121866436388058,0.8793434789383485
2024-05-02,0.022031896042528,0,0.0,1.0122770323878627,0,0.0,1.0121866436388058,0.8987170830519932
2024-05-03,0.0598162168410101,0,0.0,1.0122770323878627,0,0.0,1.0121866436388058,0.9524749389705512
2024-05-06,-0.0091067728214635,0,-0.0,1.0122770323878627,0,-0.0,1.0121866436388058,0.9438009660832091
2024-05-07,0.0037972593693247,0,0.0,1.0122770323878627,0,0.0,1.0121866436388058,0.9473848231444463
2024-05-08,0.0018640350877192,0,0.0,1.0122770323878627,0,0.0,1.0121866436388058,0.9491507816963602
2024-05-09,0.0100142278647257,0,0.0,1.0122770323878627,0,0.0,1.0121866436388058,0.9586557939022501
2024-05-10,-0.0082353578588069,0,-0.0,1.0122770323878627,0,-0.0,1.0121866436388058,0.9507609203760464
2024-05-13,0.0176454520622779,0,0.0,1.0122770323878627,0,0.0,1.0121866436388058,0.9675375266192292
2024-05-14,0.0061735022546705,0,0.0,1.0122770323878627,0,0.0,1.0121866436388058,0.9735106217212913
2024-05-15,0.0122178946806807,0,0.0,1.0122770323878627,0,0.0,1.0121866436388058,0.9854048719680062
2024-05-16,0.0006325110689437,0,0.0,1.0122770323878627,0,0.0,1.0121866436388058,0.9860281514569171
2024-05-17,0.0001580278128949,0,0.0,1.0122770323878627,0,0.0,1.0121866436388058,0.9861839713291447
2024-05-20,0.0061621109179965,0,0.0,1.0122770323878627,0,0.0,1.0121866436388058,0.9922609463460252
2024-05-21,0.006857202680067,0,0.0,1.0122770323878627,0,0.0,1.0121866436388058,0.9990650807666351
2024-05-22,-0.0075383415648556,0,-0.0,1.0122770323878627,0,-0.0,1.0121866436388058,0.9915337869422962
2024-05-23,-0.0210581456259822,0,-0.0,1.0122770323878627,0,-0.0,1.0121866436388058,0.9706539240637837
2024-05-24,0.0165881849315068,0,0.0,1.0122770323878627,0,0.0,1.0121866436388058,0.9867553108606465
2024-05-28,5.263711969694107e-05,0,0.0,1.0122770323878627,0,0.0,1.0121866436388058,0.9868072508180559
2024-05-29,0.001579030475288,0,0.0,1.0122770323878627,0,0.0,1.0121866436388058,0.9883654495403328
2024-05-30,0.005255136896316,0,0.0,1.0122770323878627,0,0.0,1.0121866436388058,0.9935594452812562
2024-05-31,0.0050185582100477,0,0.0,1.0122770323878627,0,0.0,1.0121866436388058,0.9985456811925428
2024-06-03,0.0092587776332899,0,0.0,1.0122770323878627,0,0.0,1.0121866436388058,1.0077909936113867
2024-06-04,0.0016492295005927,0,0.0,1.0122770323878627,0,0.0,1.0121866436388058,1.0094530722484822
2024-06-05,0.0078209416002059,0,0.0,1.0122770323878627,0,0.0,1.0121866436388058,1.0173479457746861
2024-06-06,-0.0070965436258744,0,-0.0,1.0122770323878627,0,-0.0,1.0121866436388058,1.0101282916948024
2024-06-07,0.0123920197449609,0,0.0,1.0122770323878627,0,0.0,1.0121866436388058,1.0226458214304281
2024-06-10,-0.0191477474732083,0,-0.0,1.0122770323878627,0,-0.0,1.0121866436388058,1.0030644574871468
2024-06-11,0.072649130074565,0,0.0,1.0122770323878627,0,0.0,1.0121866436388058,1.0759362177323035
2024-06-12,0.0285783248853486,0,0.0,1.0122770323878627,0,0.0,1.0121866436388058,1.1066846725185704
2024-06-13,0.0054911531421599,0,0.0,1.0122770323878627,0,0.0,1.0121866436388058,1.112761647535451
2024-06-14,-0.0081684092606422,0,-0.0,1.0122770323878627,0,-0.0,1.0121866436388058,1.1036721549888349
2024-06-17,0.0196715139535976,0,0.0,1.0122770323878627,0,0.0,1.0121866436388058,1.125383057185895
2024-06-18,-0.0109844463931323,0,-0.0,1.0122770323878627,0,-0.0,1.0121866436388058,1.113021347322497
2024-06-20,-0.0215129030752717,0,-0.0,1.0122770323878627,0,-0.0,1.0121866436388058,1.08907702695684
2024-06-21,-0.010444486837085,0,-0.0,1.0122770323878627,0,-0.0,1.0121866436388058,1.0777021762842176
2024-06-24,0.0031326810930645,0,0.0,1.0122770323878627,0,0.0,1.0121866436388058,1.0810782735158178
2024-06-25,0.0044681464398963,0,0.0,1.0122770323878627,0,0.0,1.0121866436388058,1.0859086895548768
2024-06-26,0.0199933036781938,0,0.0,1.0122770323878627,0,0.0,1.0121866436388058,1.1076195917519371
2024-06-27,0.0039859320046893,0,0.0,1.0122770323878627,0,0.0,1.0121866436388058,1.1120344881317221
2024-06-28,-0.0162540868752918,0,-0.0,1.0122770323878627,0,-0.0,1.0121866436388058,1.0939593829533085
2024-07-01,0.0291045484759282,0,0.0,1.0122770323878627,0,0.0,1.0121866436388058,1.1257985768451697
2024-07-02,0.016239907727797,0,0.0,1.0122770323878627,0,0.0,1.0121866436388058,1.1440814418532206
2024-07-03,0.005811050074908,0,0.0,1.0122770323878627,0,0.0,1.0121866436388058,1.1507297564016026
2024-07-05,0.0216204017151884,0,0.0,1.0122770323878627,0,0.0,1.0121866436388058,1.1756089960006262
2024-07-08,0.0065388353804012,0,0.0,1.0122770323878627,0,0.0,1.0121866436388058,1.183296109697193
2024-07-09,0.0037749100166799,0,0.0,1.0122770323878627,0,0.0,1.0121866436388058,1.1877629460343873
2024-07-10,0.0188035683050549,0,0.0,1.0122770323878627,0,0.0,1.0121866436388058,1.210097127720358
2024-07-11,-0.023220877328526,0,-0.0,1.0122770323878627,0,-0.0,1.0121866436388058,1.181997610761962
2024-07-12,0.0130509293843652,0,0.0,1.0122770323878627,0,0.0,1.0121866436388058,1.197423778112505
2024-07-15,0.0167432983430206,0,0.0,1.0122770323878627,0,0.0,1.0121866436388058,1.2174726016724697
2024-07-16,0.0017918088737201,0,0.0,1.0122770323878627,0,0.0,1.0121866436388058,1.2196540798836575
2024-07-17,-0.0252959713823354,0,-0.0,1.0122770323878627,0,-0.0,1.0121866436388058,1.1888017451825719
2024-07-18,-0.0205347780496329,0,-0.0,1.0122770323878627,0,-0.0,1.0121866436388058,1.1643899652002314
2024-07-19,0.0005798911588901,0,0.0,1.0122770323878627,0,0.0,1.0121866436388058,1.1650651846465514
2024-07-22,-0.0015603406000623,-1,0.0010603406000623,1.013350390823814,-1,0.0010603406000623,1.0132599062318968,1.1632472861372283
2024-07-23,0.0046883372030719,0,-0.0005,1.012843715628402,0,-0.0005,1.012753276278781,1.1687009816651979
2024-07-24,-0.0287542775876628,0,-0.0,1.012843715628402,0,-0.0,1.012753276278781,1.1350958292214228
2024-07-25,-0.0048046124279307,-1,0.004304612427930701,1.0172036152742476,-1,0.004304612427930701,1.017112786618278,1.1296421336934532
2024-07-26,0.0021610188974205,0,-0.0005,1.0166950134666106,-1,-0.0021610188974205,1.0149147866655879,1.1320833116916873
2024-07-29,0.0012846393833731,0,0.0,1.0166950134666106,-1,-0.0012846393833731,1.0136109871598695,1.133537630499146
2024-07-30,0.0025659824046921,0,0.0,1.0166950134666106,0,-0.0005,1.0131041816662896,1.1364462681140632
2024-07-31,0.0149908592321754,0,0.0,1.0166950134666106,0,0.0,1.0131041816662896,1.1534825741442922
2024-08-01,-0.016750720461095,0,-0.0,1.0166950134666106,0,-0.0,1.0131041816662896,1.1341609099880567
2024-08-02,0.0068693899981682,0,0.0,1.0166950134666106,0,0.0,1.0131041816662896,1.141951903599442
2024-08-05,-0.0481670153734195,-1,0.0476670153734195,1.0651578303036024,-1,0.0476670153734195,1.0613958342686522,1.0869474887030621
2024-08-06,-0.0097481722177092,-1,0.0097481722177092,1.0755411722724435,-1,0.0097481722177092,1.0717425036522623,1.076351737391578
2024-08-07,0.0124981904164456,0,-0.0005,1.0750034016863073,-1,-0.0124981904164456,1.0583476617642182,1.08980418636057
2024-08-08,0.0166333047373941,0,0.0,1.0750034016863073,0,-0.0005,1.057818487933336,1.1079312314963934
2024-08-09,0.0137358773615865,0,0.0,1.0750034016863073,0,0.0,1.057818487933336,1.1231496390172995
2024-08-12,0.0059655937846836,0,0.0,1.0750034016863073,0,0.0,1.057818487933336,1.1298498935230907
2024-08-13,0.0171930308463201,0,0.0,1.0750034016863073,0,0.0,1.057818487933336,1.1492754375941447
2024-08-14,0.0020337144664888,0,0.0,1.0750034016863073,0,0.0,1.057818487933336,1.1516127356775603
2024-08-15,0.0135305791087858,0,0.0,1.0750034016863073,0,0.0,1.057818487933336,1.1671947229003308
2024-08-16,0.0059184763260946,0,0.0,1.0750034016863073,0,0.0,1.057818487933336,1.174102737235759
2024-08-19,-0.0007078080070781,0,-0.0,1.0750034016863073,0,-0.0,1.057818487933336,1.1732716979172113
2024-08-20,0.0027446987471777,0,0.0,1.0750034016863073,0,0.0,1.057818487933336,1.176491975276584
2024-08-21,-0.0004856297735198,0,-0.0,1.0750034016863073,0,-0.0,1.057818487933336,1.1759206357450824
2024-08-22,-0.0082597173144876,0,-0.0,1.0750034016863073,0,-0.0,1.057818487933336,1.1662078637095554
2024-08-23,0.0102881574845232,0,0.0,1.0750034016863073,0,0.0,1.057818487933336,1.1782059938710887
2024-08-26,0.0014988538176687,0,0.0,1.0750034016863073,0,0.0,1.057818487933336,1.1799719524230026
2024-08-27,0.0037415265428295,0,0.0,1.0750034016863073,0,0.0,1.057818487933336,1.1843868488027876
2024-08-28,-0.0067534973468402,0,-0.0,1.0750034016863073,0,-0.0,1.057818487933336,1.1763880953617656
2024-08-29,0.0145701796988828,0,0.0,1.0750034016863073,0,0.0,1.057818487933336,1.193528281306813
2024-08-30,-0.0034379215805735,0,-0.0,1.0750034016863073,0,-0.0,1.057818487933336,1.1894250246714835
2024-09-03,-0.0272052401746724,0,-0.0,1.0750034016863073,0,-0.0,1.057818487933336,1.15706643120553
2024-09-04,-0.0086187547694932,-1,0.008118754769493199,1.0837310906809694,-1,0.008118754769493199,1.066406656827503,1.147093959382957
2024-09-05,0.0069277790355444,-1,-0.0069277790355444,1.0762232411507822,-1,-0.0069277790355444,1.0590188271469685,1.15504077286657
2024-09-06,-0.0070150193362712,0,-0.0005,1.0756851295302068,-1,0.0070150193362712,1.0664478646968798,1.1469381395107292
2024-09-09,0.0004075717779186,0,0.0,1.0756851295302068,-1,-0.0004075717779186,1.0660132106446079,1.1474055991274124
2024-09-10,-0.0036213842741387,0,-0.0,1.0756851295302068,0,-0.0005,1.0654802040392857,1.1432504025346737
2024-09-11,0.0115851165326426,0,0.0,1.0756851295302068,0,0.0,1.0654802040392857,1.1564950916740284
2024-09-12,0.0004940267672686,0,0.0,1.0756851295302068,0,0.0,1.0654802040392857,1.15706643120553
2024-09-13,-0.00121201238946,0,-0.0,1.0756851295302068,0,-0.0,1.0654802040392857,1.1556640523554806
2024-09-16,-0.0277752808988764,0,-0.0,1.0756851295302068,0,-0.0,1.0654802040392857,1.1235651586765734
2024-09-17,0.0021727071005916,0,0.0,1.0756851295302068,0,0.0,1.0654802040392857,1.1260063366748074
2024-09-18,0.0179897596752618,0,0.0,1.0756851295302068,0,0.0,1.0654802040392857,1.1462629200644092
2024-09-19,0.0370655670850514,0,0.0,1.0756851295302068,0,0.0,1.0654802040392857,1.1887498052251635
2024-09-20,-0.0029274260497226,0,-0.0,1.0756851295302068,0,-0.0,1.0654802040392857,1.1852698280787446
2024-09-23,-0.0075810692375108,0,-0.0,1.0756851295302068,0,-0.0,1.0654802040392857,1.176284215446947
2024-09-24,0.0039740362961981,0,0.0,1.0756851295302068,0,0.0,1.0654802040392857,1.1809588116137781
2024-09-25,-0.0043981176056647,0,-0.0,1.0756851295302068,0,-0.0,1.0654802040392857,1.1757648158728549
2024-09-26,0.0050801784688783,0,0.0,1.0756851295302068,0,0.0,1.0654802040392857,1.1817379109749169
2024-09-27,0.0011867088607593,0,0.0,1.0756851295302068,0,0.0,1.0654802040392857,1.183140289824966
2024-09-30,0.0228719434566926,0,0.0,1.0756851295302068,0,0.0,1.0654802040392857,1.2102010076351777
2024-10-01,-0.0291416309012875,0,-0.0,1.0756851295302068,0,-0.0,1.0654802040392857,1.174933776554307
2024-10-02,0.0025197825029839,0,0.0,1.0756851295302068,0,0.0,1.0654802040392857,1.1778943541266333
2024-10-03,-0.0048946115177705,0,-0.0,1.0756851295302068,0,-0.0,1.0654802040392857,1.1721290188542084
2024-10-04,0.0050073115611291,0,0.0,1.0756851295302068,0,0.0,1.0654802040392857,1.1779982340414519
2024-10-07,-0.0225308641975309,-1,0.0220308641975309,1.0993834025381901,-1,0.0220308641975309,1.0889536537196327,1.1514569158053327
2024-10-08,0.0184040777662501,-1,-0.0184040777662501,1.0791502649029527,-1,-0.0184040777662501,1.0689124659927345,1.1726484184283006
2024-10-09,0.0166984098861673,0,-0.0005,1.0786106897705012,-1,-0.0166984098861673,1.051063327503154,1.1922297823715822
2024-10-10,-0.0021782695826435,0,-0.0,1.0786106897705012,-1,0.0021782695826435,1.0533528267788863,1.1896327845011203
2024-10-11,-0.0065054139015018,0,-0.0,1.0786106897705012,0,-0.0005,1.052826150365497,1.1818937308471444
2024-10-14,0.016479894528675,0,0.0,1.0786106897705012,0,0.0,1.052826150365497,1.2013712148756077
2024-10-15,0.0110246433203631,0,0.0,1.0786106897705012,0,0.0,1.052826150365497,1.2146159040149627
2024-10-16,-0.0088518280949325,0,-0.0,1.0786106897705012,0,-0.0,1.052826150365497,1.2038643328312513
2024-10-17,0.0015963413581845,0,0.0,1.0786106897705012,0,0.0,1.052826150365497,1.2057861112553931
2024-10-18,0.0122765453370665,0,0.0,1.0786106897705012,0,0.0,1.052826150365497,1.2205889991170251
2024-10-21,0.0062978723404254,0,0.0,1.0786106897705012,0,0.0,1.052826150365497,1.2282761128135917
2024-10-22,-0.0026217861975641,0,-0.0,1.0786106897705012,0,-0.0,1.052826150365497,1.2250558354542194
2024-10-23,-0.0216229966929535,0,-0.0,1.0786106897705012,0,-0.0,1.052826150365497,1.1985664571755092
2024-10-24,-0.000823366267984,0,-0.0,1.0786106897705012,0,-0.0,1.052826150365497,1.197579597984734
2024-10-25,0.0036431452487313,0,0.0,1.0786106897705012,0,0.0,1.052826150365497,1.2019425544071096
2024-10-28,0.008599455511862,-1,-0.009099455511862,1.0687959197843158,-1,-0.009099455511862,1.0432460056485213,1.2122786059315473
2024-10-29,0.0011568123393315,0,-0.0005,1.0682615218244236,-1,-0.0011568123393315,1.042039165796229,1.2136809847815966
2024-10-30,-0.0152779560919245,0,-0.0,1.0682615218244236,-1,0.0152779560919245,1.0579593944173293,1.1951384199864996
2024-10-31,-0.0182094741416775,-1,0.0177094741416775,1.0871798716217222,-1,0.0182094741416775,1.0772242786529165,1.17337557783203
2024-11-01,-0.0132796246292771,0,-0.0005,1.0866362816859114,-1,0.0132796246292771,1.0915294127149708,1.1577935906092596
2024-11-04,-0.004037503925351,-1,0.0035375039253510003,1.090480261797804,-1,0.004037503925351,1.0959364670034437,1.1531189944424285
2024-11-05,0.0064861943155714,-1,-0.0064861943155714,1.0834071949224882,-1,-0.0064861943155714,1.0888280101209387,1.1605983483093585
2024-11-06,-0.0032669501006936,0,-0.0005,1.082865491325027,-1,0.0032669501006936,1.0923851568982414,1.1568067314184844
2024-11-07,0.0213721264367816,-1,-0.0218721264367816,1.0591809203847384,-1,-0.0213721264367816,1.0690385632073487,1.1815301511452805
2024-11-08,-0.0022859152452961,0,-0.0005,1.0586513299245461,-1,0.0022859152452961,1.0714822947567937,1.1788292733600005
2024-11-11,-0.0120285512865704,0,-0.0,1.0586513299245461,-1,0.0120285512865704,1.084370674491928,1.1646496649872793
2024-11-12,0.0,0,0.0,1.0586513299245461,0,-0.0005,1.083828489154682,1.1646496649872793
2024-11-13,0.003969138830665,-1,-0.0044691388306649996,1.0539200701578453,-1,-0.0044691388306649996,1.0789847091680198,1.1692723211967013
2024-11-14,0.0137704335465529,0,-0.0005,1.0533931101227665,-1,-0.0137704335465529,1.0641266219326748,1.1853737079935642
2024-11-15,-0.0141091928840592,0,-0.0,1.0533931101227665,-1,0.0141091928840592,1.0791405896945852,1.1686490417077906
2024-11-18,0.0134222222222222,0,0.0,1.0533931101227665,0,-0.0005,1.078601019399738,1.1843349088453796
2024-11-19,0.001140250855188,0,0.0,1.0533931101227665,0,0.0,1.078601019399738,1.1856853477380196
2024-11-20,0.003154021377256,0,0.0,1.0533931101227665,0,0.0,1.078601019399738,1.1894250246714846
2024-11-21,-0.0020960698689955,0,-0.0,1.0533931101227665,0,-0.0,1.078601019399738,1.1869319067158415
2024-11-22,0.0059075792053211,0,0.0,1.0533931101227665,0,0.0,1.078601019399738,1.193943800966088
2024-11-25,0.0130508548309913,0,0.0,1.0533931101227665,0,0.0,1.078601019399738,1.2095257881888586
2024-11-26,0.0094043887147334,0,0.0,1.0533931101227665,0,0.0,1.078601019399738,1.220900638861481
2024-11-27,-0.0005530502850336,0,-0.0,1.0533931101227665,0,-0.0,1.078601019399738,1.220225419415161
2024-11-29,0.0102158089643724,0,0.0,1.0533931101227665,0,0.0,1.078601019399738,1.2326910091933776
2024-12-02,0.0095226056545738,0,0.0,1.0533931101227665,0,0.0,1.078601019399738,1.2444294395678648
2024-12-03,0.0127718185233107,0,0.0,1.0533931101227665,0,0.0,1.078601019399738,1.2603230665350909
2024-12-04,0.0014836183803832,0,0.0,1.0533931101227665,0,0.0,1.078601019399738,1.2621929050018232
2024-12-05,0.000123451709806,0,0.0,1.0533931101227665,0,0.0,1.078601019399738,1.2623487248740508
2024-12-06,-0.0008229098090848,0,-0.0,1.0533931101227665,0,-0.0,1.078601019399738,1.2613099257258662
2024-12-09,0.0161011365508152,0,0.0,1.0533931101227665,0,0.0,1.078601019399738,1.281618449072877
2024-12-10,0.0041337386018236,0,0.0,1.0533931101227665,0,0.0,1.078601019399738,1.2869163247286188
2024-12-11,-0.0051660814465027,0,-0.0,1.0533931101227665,0,-0.0,1.078601019399738,1.2802680101802368
2024-12-12,0.0059637307801534,0,0.0,1.0533931101227665,0,0.0,1.078601019399738,1.2879031839193946
2024-12-13,0.0006855944507178,0,0.0,1.0533931101227665,0,0.0,1.078601019399738,1.2887861631953517
2024-12-16,0.0117277233708137,0,0.0,1.0533931101227665,0,0.0,1.078601019399738,1.3039006908014392
2024-12-17,0.0097195666029317,0,0.0,1.0533931101227665,0,0.0,1.078601019399738,1.3165740404092925
2024-12-18,-0.0214218084267002,0,-0.0,1.0533931101227665,0,-0.0,1.078601019399738,1.288370643536078
2024-12-19,0.0070147147752468,0,0.0,1.0533931101227665,0,0.0,1.078601019399738,1.2974081961252848
2024-12-20,0.0188158052764322,0,0.0,1.0533931101227665,0,0.0,1.078601019399738,1.3218199761076252
2024-12-23,0.0030649534362843,0,0.0,1.0533931101227665,0,0.0,1.078601019399738,1.3258712927855456
2024-12-24,0.011478042856583,0,0.0,1.0533931101227665,0,0.0,1.078601019399738,1.3410897003064512
2024-12-26,0.0031758326878388,0,0.0,1.0533931101227665,0,0.0,1.078601019399738,1.3453487768140084
2024-12-27,-0.0132422206779398,0,-0.0,1.0533931101227665,0,-0.0,1.078601019399738,1.327533371422641
2024-12-30,-0.0132634297116476,0,-0.0,1.0533931101227665,0,-0.0,1.078601019399738,1.30992572586091
2024-12-31,-0.0070578905630451,0,-0.0,1.0533931101227665,0,-0.0,1.078601019399738,1.3006804134420664
2025-01-02,-0.0262359236482708,0,-0.0,1.0533931101227665,0,-0.0,1.078601019399738,1.2665558614241992
2025-01-03,-0.0020094320278859,0,-0.0,1.0533931101227665,0,-0.0,1.078601019399738,1.2640108035111468
2025-01-06,0.0067389875082182,0,0.0,1.0533931101227665,0,0.0,1.078601019399738,1.2725289565262612
2025-01-07,-0.0113877551020408,0,-0.0,1.0533931101227665,0,-0.0,1.078601019399738,1.2580377084090846
2025-01-08,0.0020230378597083,0,0.0,1.0533931101227665,0,0.0,1.078601019399738,1.260582766322137
2025-01-10,-0.0241038318912236,0,-0.0,1.0533931101227665,0,-0.0,1.078601019399738,1.2301978912377347
2025-01-13,-0.010344099641123,0,-0.0,1.0533931101227665,0,-0.0,1.078601019399738,1.2174726016724722
2025-01-14,-0.004778156996587,0,-0.0,1.0533931101227665,0,-0.0,1.078601019399738,1.211655326442638
2025-01-15,0.019675925925926,0,0.0,1.0533931101227665,0,0.0,1.078601019399738,1.235495766893477
2025-01-16,-0.040400218606802,0,-0.0,1.0533931101227665,0,-0.0,1.078601019399738,1.185581467823202
2025-01-17,0.0075352668010164,0,0.0,1.0533931101227665,0,0.0,1.078601019399738,1.1945151404975904
2025-01-21,-0.0319158187668493,0,-0.0,1.0533931101227665,0,-0.0,1.078601019399738,1.1563912117592117
2025-01-22,0.0053449514911967,0,0.0,1.0533931101227665,0,0.0,1.078601019399738,1.162572066690911
2025-01-23,-0.0007595049814592,0,-0.0,1.0533931101227665,0,-0.0,1.078601019399738,1.161689087414954
2025-01-24,-0.0039345435035321,0,-0.0,1.0533931101227665,0,-0.0,1.078601019399738,1.1571183711629414
2025-01-27,0.0317802316186373,0,0.0,1.0533931101227665,0,0.0,1.078601019399738,1.19389186100868
2025-01-28,0.0365439832941789,0,0.0,1.0533931101227665,0,0.0,1.078601019399738,1.2375214252324374
2025-01-29,0.0046168051708219,0,0.0,1.0533931101227665,0,0.0,1.078601019399738,1.2432348205474535
2025-01-30,-0.0073947192513369,0,-0.0,1.0533931101227665,0,-0.0,1.078601019399738,1.234041448086019
2025-01-31,-0.0066922008502041,0,-0.0,1.0533931101227665,0,-0.0,1.078601019399738,1.2257829948579506
2025-02-03,-0.0338559322033898,0,-0.0,1.0533931101227665,0,-0.0,1.078601019399738,1.1842829688879717
2025-02-04,0.0210078505328714,0,0.0,1.0533931101227665,0,0.0,1.078601019399738,1.2091622084869955
2025-02-05,-0.0014175257731959,0,-0.0,1.0533931101227665,0,-0.0,1.078601019399738,1.2074481898924907
2025-02-06,0.0032262227384178,0,0.0,1.0533931101227665,0,0.0,1.078601019399738,1.2113436866981833
2025-02-07,-0.02396878483835,0,-0.0,1.0533931101227665,0,-0.0,1.078601019399738,1.182309250506421
2025-02-10,8.786188112286375e-05,0,0.0,1.0533931101227665,0,0.0,1.078601019399738,1.1824131304212395
2025-02-11,0.0218317592795957,0,0.0,1.0533931101227665,0,0.0,1.078601019399738,1.2082272892536294
2025-02-12,0.0182701401427221,0,0.0,1.0533931101227665,0,0.0,1.078601019399738,1.2303017711525546
2025-02-13,0.0196732384852451,0,0.0,1.0533931101227665,0,0.0,1.078601019399738,1.2545057913052582
2025-02-14,0.0127106363598723,0,0.0,1.0533931101227665,0,0.0,1.078601019399738,1.2704513582298933
2025-02-18,-0.0005314799672935,0,-0.0,1.0533931101227665,0,-0.0,1.078601019399738,1.2697761387835733
2025-02-19,0.0016361925798666,0,0.0,1.0533931101227665,0,0.0,1.078601019399738,1.2718537370799428
2025-02-20,0.0039204475844325,0,0.0,1.0533931101227665,0,0.0,1.078601019399738,1.2768399729912294
2025-02-21,-0.0011389984948948,0,-0.0,1.0533931101227665,0,-0.0,1.078601019399738,1.275385654183771
2025-02-24,0.0063123600081449,0,0.0,1.0533931101227665,0,0.0,1.078601019399738,1.2834363475822024
2025-02-25,-0.0002428166734116,0,-0.0,1.0533931101227665,0,-0.0,1.078601019399738,1.2831247078377468
2025-02-26,-0.0270401554404143,0,-0.0,1.0533931101227665,0,-0.0,1.078601019399738,1.2484288162883779
2025-02-27,-0.0127309036445332,0,-0.0,1.0533931101227665,0,-0.0,1.078601019399738,1.2325351893211518
2025-02-28,0.0191319005478296,0,0.0,1.0533931101227665,0,0.0,1.078601019399738,1.2561159299849445
2025-03-03,-0.0157542176645716,0,-0.0,1.0533931101227665,0,-0.0,1.078601019399738,1.2363268062120258
2025-03-04,-0.0088224173423517,0,-0.0,1.0533931101227665,0,-0.0,1.078601019399738,1.2254194151560867
2025-03-05,-0.000805323612936,0,-0.0,1.0533931101227665,0,-0.0,1.078601019399738,1.2244325559653113
2025-03-06,-0.0017392042080257,0,-0.0,1.0533931101227665,0,-0.0,1.078601019399738,1.2223030177115328
2025-03-07,0.0158925763821016,0,0.0,1.0533931101227665,0,0.0,1.078601019399738,1.2417285617825866
2025-03-10,-0.0484795248253649,0,-0.0,1.0533931101227665,0,-0.0,1.078601019399738,1.1815301511452831
2025-03-11,-0.029189379286091,0,-0.0,1.0533931101227665,0,-0.0,1.078601019399738,1.147042019425551
2025-03-12,-0.0174787176236189,0,-0.0,1.0533931101227665,0,-0.0,1.078601019399738,1.1269931958655863
2025-03-13,-0.0336436537929761,0,-0.0,1.0533931101227665,0,-0.0,1.078601019399738,1.0890770269568448
2025-03-14,0.018170545593285,0,0.0,1.0533931101227665,0,0.0,1.078601019399738,1.1088661507297635
2025-03-17,0.0023888706730994,0,0.0,1.0533931101227665,0,0.0,1.078601019399738,1.1115150885576344
2025-03-18,-0.0061214953271028,0,-0.0,1.0533931101227665,0,-0.0,1.078601019399738,1.1047109541370246
2025-03-19,0.0119892801730219,0,0.0,1.0533931101227665,0,0.0,1.078601019399738,1.1179556432763798
2025-03-20,-0.0052964133060769,0,-0.0,1.0533931101227665,0,-0.0,1.078601019399738,1.112034488131727
2025-03-21,0.0194768799626343,0,0.0,1.0533931101227665,0,0.0,1.078601019399738,1.1336934503713783
2025-03-24,0.0112704448618681,0,0.0,1.0533931101227665,0,0.0,1.078601019399738,1.1464706798940498
2025-03-25,0.0136818737824491,0,0.0,1.0533931101227665,0,0.0,1.078601019399738,1.1621565470316388
2025-03-26,-0.0099217877094972,0,-0.0,1.0533931101227665,0,-0.0,1.078601019399738,1.1506258764867885
2025-03-27,0.0104726222182096,0,0.0,1.0533931101227665,0,0.0,1.078601019399738,1.162675946605731
2025-03-28,-0.0265802993075719,0,-0.0,1.0533931101227665,0,-0.0,1.078601019399738,1.1317716719472362
2025-03-31,0.0194125745754933,0,0.0,1.0533931101227665,0,0.0,1.078601019399738,1.1537422739313428
2025-04-01,0.0047719803718542,0,0.0,1.0533931101227665,0,0.0,1.078601019399738,1.1592479094167216
2025-04-02,0.0031363412339262,0,0.0,1.0533931101227665,0,0.0,1.078601019399738,1.162883706435368
2025-04-03,-0.0924561168430925,0,-0.0,1.0533931101227665,0,-0.0,1.078601019399738,1.0553679945982513
2025-04-04,-0.0728874452482898,0,-0.0,1.0533931101227665,0,-0.0,1.078601019399738,0.9784449176751738
2025-04-07,-0.0367342605372119,0,-0.0,1.0533931101227665,0,-0.0,1.078601019399738,0.9425024671479832
2025-04-08,-0.0498181417392263,0,-0.0,1.0533931101227665,0,-0.0,1.078601019399738,0.8955487456500346
2025-04-09,0.153288481614662,0,0.0,1.0533931101227665,0,0.0,1.078601019399738,1.0328260530826436
2025-04-10,-0.042393764143827,0,-0.0,1.0533931101227665,0,-0.0,1.078601019399738,0.9890406689866583
2025-04-11,0.0405944753702343,0,0.0,1.0533931101227665,0,0.0,1.078601019399738,1.0291902560639974
2025-04-14,0.0220539994953319,0,0.0,1.0533931101227665,0,0.0,1.078601019399738,1.0518880174518332
2025-04-15,-0.0018763578905788,0,-0.0,1.0533931101227665,0,-0.0,1.078601019399738,1.049914299070282
2025-04-16,-0.0389334124863954,0,-0.0,1.0533931101227665,0,-0.0,1.078601019399738,1.0090375525892141
2025-04-17,0.0139496576929014,0,0.0,1.0533931101227665,0,0.0,1.078601019399738,1.0231132810471166
2025-04-21,-0.0193928317595695,0,-0.0,1.0533931101227665,0,-0.0,1.078601019399738,1.0032722173167887
2025-04-22,0.0340650238144544,0,0.0,1.0533931101227665,0,0.0,1.078601019399738,1.0374487092920657
2025-04-23,0.0243316311204564,0,0.0,1.0533931101227665,0,0.0,1.078601019399738,1.062691528592954
2025-04-24,0.0184261974584556,0,0.0,1.0533931101227665,0,0.0,1.078601019399738,1.0822728925362357
2025-04-25,0.0043672313672793,0,0.0,1.0533931101227665,0,0.0,1.078601019399738,1.086999428660476
2025-04-28,0.0041093272171253,0,0.0,1.0533931101227665,0,0.0,1.078601019399738,1.0914662649976703
2025-04-29,0.0050918435328828,0,0.0,1.0533931101227665,0,0.0,1.078601019399738,1.0970238404404584
2025-04-30,0.006107665356754,0,0.0,1.0533931101227665,0,0.0,1.078601019399738,1.10372409494625
